,subject,comm_pool,delegation,euler-4,lifetime,takeoff,sum
0,cyber1qn8sr2hzmktlecusdtxj9hwj0upnm0jf0arg27,,,,,4887205664742.0,4887205664742.0
1,cyber1s3lgc3mgy4ltwr796qk6j73xmau4njuefguqlp,,,,,1340337491769.0,1340337491769.0
2,cyber10556xtnp39nvx3ec3yjafug662pyt6afrdqwfr,,,,,1304153455839.0,1304153455839.0
3,cyber1ffve0zx389ffl80ae9t8jmghcjuzdlqrspwl7s,,,,,701778551659.0,701778551659.0
4,cyber1ftah3e558ww7xutn5w8h7vrqa9v69pntxnqcxu,,,,,622444466499.0,622444466499.0
5,cyber1wnpak7sfawsfv9c8vqe7naxfa4g99lv764drcl,45500000000.0,,,,469321209467.0,514821209467.0
6,cyber1quchyywzdxp62dq3rwan8fg35v6j58sj2t66tp,400000000000.0,,,,,400000000000.0
7,cyber1hmkqhy8ygl6tnl5g8tc503rwrmmrkjcq4878e0,,44520253098.0,294594691430.0,27210367043.0,,366325311571.0
8,cyber1sgy27lctdrc5egpvc8f02rgzml6hmmvhsk0p3t,,,,,359172486938.0,359172486938.0
9,cyber1ymprf45c44rp9k0g2r84w2tjhsq7kalvplsnkk,,47418074597.0,249028568078.0,30517372757.0,,326964015432.0
10,cyber12psudf4rpaw4jwhuyx3y8sejhsynae7ggvzvy8,,9428419501.0,289014488663.0,21663954767.0,,320106862931.0
11,cyber178q202gz0093uke0jy96psyya452rt8a98xv2d,,,285239999451.0,,,285239999451.0
12,cyber1cg79pj70mgl8xlum0rw5yy6enk9jszsrx5al8w,,,,,278433789365.0,278433789365.0
13,cyber13dpy00jest96g7h5vdgvg9zpxq6xnclhs034rz,,,,,258229369437.0,258229369437.0
14,cyber1kr6udadsvdjymq6m75un4khg27t25st2kt5t24,,,255496772589.0,,,255496772589.0
15,cyber1mdq5r6az6z8su68zj6px88j2ukr78ea4vs9eu8,,,,,237448433882.0,237448433882.0
16,cyber177y7sqkxmvl22j632haf8y9gv0j3weds5c8qrj,,20500567008.0,161772072332.0,24014339467.0,,206286978807.0
17,cyber1w8ap0ns4d5fagjfwvph6t99uet0cwv6y7mu2tw,,,200997782490.0,,,200997782490.0
18,cyber1svm5wl5jf4p7dwemj7wh0p4egr3js6rq08qz7p,,,197153970492.0,,,197153970492.0
19,cyber1gnnd2eaeqpp6lsd34tnp6j0m85h6r9qgtky2m7,,,194917719034.0,,,194917719034.0
20,cyber1t0hmc79ht0qja92p6qgxn3ee3a3rzqutgxcvhw,,,188630461585.0,,,188630461585.0
21,cyber1ggc9sqvj0uhnzwxu5dyzcr05shwd2vv2vynq2d,,,180243413335.0,6732817375.0,,186976230710.0
22,cyber12q68xfj4r00nxnjrqk742rf0z2w6jmwaaejh5j,,,183750995527.0,,,183750995527.0
23,cyber1lepnu7nt05g79jtmfp2pgrpys3fjc4p73gt5gh,,,,,182911039870.0,182911039870.0
24,cyber1zhy7l8phhpsm2c6xl9c5arcu0z90clynmyacef,,,161481707259.0,,,161481707259.0
25,cyber1d5lu67hu3lhqtw6zyv7uy4gkfpdtfnzxfyfq5a,,,,,157995617348.0,157995617348.0
26,cyber1x95keq9l9y9p7hjdt6xd8wnknrpnjsqry0j40c,150000000000.0,,,,,150000000000.0
27,cyber1k60sfzh3ecyqfv36f7zav0089077e4zk3sfq3q,,,146840247453.0,,,146840247453.0
28,cyber16jttzjgks48kqrhk5e68yv0gv6dt0rpww386ew,,,,,141302079887.0,141302079887.0
29,cyber1kpep8dl93ud4wgpws3tcew6as2s36c9v4qr4sc,,,140997260087.0,,,140997260087.0
30,cyber16lvsv3w7rnhcm079v6j9eah3xd0p3pd360vws0,,,122742180846.0,,,122742180846.0
31,cyber1e20hw2pqcgxvumkwn2qeeavcrswzskzjnmexhj,,,,,119453574443.0,119453574443.0
32,cyber1mnrwpdlnglhtqwa55fa66va0j3fv72nvj6xzam,,1737571043.0,106192910312.0,6897780406.0,,114828261761.0
33,cyber1dt9lwmuq8rkngm5gajxchqhpcnavgp7mfal7ac,,9987047512.0,90918587064.0,10957918915.0,,111863553491.0
34,cyber14nzyt8wmx4g6zkeluelukamgsh5v4xgnuj8dd0,,,,,108729659282.0,108729659282.0
35,cyber1zy553za8nenzukmv65240323jhuvxzym3evpec,,22107148994.0,,13440309740.0,72024951997.0,107572410731.0
36,cyber1xvssufw8ke03halg8wgu8m994ktxz0y9grfshw,100000000000.0,,,,,100000000000.0
37,cyber1vtu55cc7m6yz9zfg5vqdk80f2g68petgx2kjmg,100000000000.0,,,,,100000000000.0
38,cyber1vxxfhd8txmrq76jx3gj7sdrvg0vvqret7w46ls,100000000000.0,,,,,100000000000.0
39,cyber1z98eg2ztdp2glyla62629nrlvczg8s7fgqueyu,100000000000.0,,,,,100000000000.0
40,cyber17z2fywzrdld7qmwzpsq0atxfwcns8rp84fsn3e,,,,,95223358775.0,95223358775.0
41,cyber1dxpm2ne0jflzr2hy9j5has6u2dvfv68ce80ghe,,4744433641.0,74273271492.0,15809132022.0,,94826837155.0
42,cyber1tu0e0ggvjtv4gvzcranjnrykac0umnf8ql6qc7,,,,,92010985676.0,92010985676.0
43,cyber1sltcfypwms38jjj3g38rg7ldx3e6uqrz8t9jje,,,,,91965450766.0,91965450766.0
44,cyber1en69twaxmv7xupy8lq7y539dpecx7yz8vh9u7k,,18669971823.0,35149508757.0,24919735783.0,,78739216363.0
45,cyber12xsg4qm4k5z48s79zdsz84jlhv56kmta45hjmz,,,74772629353.0,,,74772629353.0
46,cyber1sng0f47cuvx6edxaujh24wc3dvk94q0w7mftv2,,,,,74217807211.0,74217807211.0
47,cyber15zs0cjct43xs4z4sesxcrynar5mxm82ftu9vgv,,15464386326.0,37624877989.0,20503040116.0,,73592304431.0
48,cyber1f7nx65pmayfenpfwzwaamwas4ygmvalqwcexna,,47095487433.0,2952355930.0,20394243142.0,,70442086505.0
49,cyber1my32szlwazg9x56xqvsvtp0hqvpzm0r4cf9w2y,,,70179119586.0,92845309.0,,70271964895.0
50,cyber1lnkg57t7mvg5mcl7kdkevtgr9wlf6f9q0e5p8t,,4338666110.0,50221478847.0,14835497059.0,,69395642016.0
51,cyber1daxxqs56f6j5qxxtjrjkexghsmnaj66ta2rv06,,45885621564.0,,23275608448.0,,69161230012.0
52,cyber1g0ap9fvex93yzzj69uzl74942vjvq8e4dl4sn7,,,67992083477.0,,,67992083477.0
53,cyber16zms8r32vad3z8hl2vc6wrcnanwmxf0dv0e0nu,,,67229160818.0,,,67229160818.0
54,cyber18z9vsjffvggluxcxfqwsmrz02v37hx2e490lyh,,,57929970902.0,5741693919.0,,63671664821.0
55,cyber1d3zlsrjyl3tzp3aly7vjduhrtrtvkvkeecjkpp,,,63422106566.0,,,63422106566.0
56,cyber18naxcfp2s397a2ucav2m53f003uylk3qxa6h5r,,15259397818.0,19980209562.0,26399274499.0,,61638881879.0
57,cyber18jwk949jqgq3j2du2dgscqxqkkqw5rsjdy0r7v,,,61558395847.0,,,61558395847.0
58,cyber13fwhvawke6867s6raqux25fd24t89j5hrk63mj,,,60883067675.0,,,60883067675.0
59,cyber1lpfs6xv765u4yxr8rlyn5ux0g2a8tyt9t0rg2d,,,,,59256843788.0,59256843788.0
60,cyber1njsr8tngxtygsc73mrtn5738ztkzqy7c6udvxk,,15230667266.0,,17888573509.0,14737589328.0,47856830103.0
61,cyber1smqr5tp684g07aekcn0w852wqlme5mn6frrgnv,,,,,47098839942.0,47098839942.0
62,cyber1dl5df5g2xwj02e93k547etw2ergvc3a2t58zpl,,,46480474242.0,,,46480474242.0
63,cyber1argjwgcplguenq4l92ggn06wadnfrz0eucsqhd,,20472680990.0,,24506572852.0,,44979253842.0
64,cyber1eqkdzfcjnu20ywju35rf3nutxzjxjaqnzc6lnl,,,,,44081312892.0,44081312892.0
65,cyber1ldjugf3uj2gwkmmsf5japfknf96zv6hw67a9mg,,102675.0,40841467077.0,2388287319.0,,43229857071.0
66,cyber1waac73cpffx7suhpkvnn8w0a8s2cgzn677expq,,,,,42415701749.0,42415701749.0
67,cyber16macu2qtc0jmqc7txvf0wkz84cycsx72r9y539,,,,,42201602776.0,42201602776.0
68,cyber1ke7kxdn29w2lrxt9dzusa6shvmwd8xm9v7g345,,37576877634.0,,4443209216.0,,42020086850.0
69,cyber13ume6mqte5h9ngx2hh6ngc8aham7x0k65n0hpx,,,41813199988.0,,,41813199988.0
70,cyber152m9xcx0ht7yxr5834ju7qjcyvetw8amfhxxkn,,26069696989.0,,15467407648.0,,41537104637.0
71,cyber1y9zkl7uqjev899swng4eqfuurwaxpchw9e24n9,,,40330418998.0,,,40330418998.0
72,cyber16lf2hvzy4n4gvtx37pgkkdw2e2psfjjd9pp0xu,,,37988147654.0,,,37988147654.0
73,cyber1fapqgamx3c8za8d3z56sydjtjygyu0ly6vefs4,,,,,37850807372.0,37850807372.0
74,cyber1v5jqg6k7mszmchhz8kyfml5h4e2txct9k6zxvg,,,37418729590.0,,,37418729590.0
75,cyber19ys53t55r725j882gjcrnf7s449gdrds40evtg,,,36908973741.0,,,36908973741.0
76,cyber1w4548vrnvc7t9j2ly55nvkjvhwqt9thndql8e8,,,,,33395512349.0,33395512349.0
77,cyber133t8m00w7llsslnf05zdhehharntly8dy6jj86,,,,,31992273571.0,31992273571.0
78,cyber1kgq82m6z2jttytv7fvwy2rklhq5k03gcw0ktw0,,,30494554808.0,,,30494554808.0
79,cyber1smtmk8fe3qhlwj3h7nynl6p42946qydzgsp7mq,,,,,29390986364.0,29390986364.0
80,cyber1hvk6s053m6qdlz9kwllgldwf4qp2c3mrm0ktaa,,,29370149824.0,,,29370149824.0
81,cyber1ccvpcq9ffy0qd2ca8nmmpzfamtyjfc9zhkwdsx,,19689711316.0,,9472498458.0,,29162209774.0
82,cyber152kqs8p7d3jy6kn4uk87ve3alkuqjgew0ftqml,,,24799790071.0,4121615983.0,,28921406054.0
83,cyber1ch6nukdgj55c9sk4h5t8spzhahuuvn86vclx5x,,,27485323135.0,,,27485323135.0
84,cyber1rqudjcrdwqedffxufmqgsleuguhm7pkayhwy0y,,,27363284437.0,,,27363284437.0
85,cyber1qgqkc9t3pfsp6yxjwds70e4r9y0p6resl3qlv9,,,26376882296.0,,,26376882296.0
86,cyber12kd8w45rqxuwpwqvpmdyvvdey9ezeqhagdqgsf,,,26208333897.0,,,26208333897.0
87,cyber147rnn0rxqkythj4j9ccq0kytmh7f005rhhw240,,11199572491.0,,13133148758.0,,24332721249.0
88,cyber1dn09uyhwmv3ratntc7c603vczgrec32cw3hyk0,,,24175157388.0,,,24175157388.0
89,cyber1stfw0z5nf2ncxxtrk7zndpf2dla3nh37ppm40e,,11914393376.0,,11189940762.0,,23104334138.0
90,cyber1qezgmksavgdvcvf9ckhazfy3jfw8whhzdmlsgl,,,21979059507.0,,,21979059507.0
91,cyber1d552nfgekkugdgxw3zl242qpxapl67jfj6dpuu,,,21555502893.0,,,21555502893.0
92,cyber10vpygn9ftv85ra7j7qpewuq5jdgvpjmen87tc4,,,20335729382.0,,,20335729382.0
93,cyber1teuan269feyw4ax94jfp4pcgrhqnn28gz73uvn,20050000000.0,,,,,20050000000.0
94,cyber1z8fyzv3mjfccvrxhckr2u3lnc0hrgrlm369js9,20000000000.0,,,,,20000000000.0
95,cyber17ud38eyfkd800kvw3c9kl3zpvgvj296ndg3zg7,20000000000.0,,,,,20000000000.0
96,cyber1d6nkeqxmme3564wd889kr6cjed3asxqzk525ez,20000000000.0,,,,,20000000000.0
97,cyber1djdfq5mn3dzm9whpznczxz77s8ep2qgguva03w,20000000000.0,,,,,20000000000.0
98,cyber1gcy4f6f2sc73aegd9r68rt2q6teekl6s22lxxu,20000000000.0,,,,,20000000000.0
99,cyber1d9en5u0cfaucavx848qeq4k6ywqd3z5ds9d9s2,20000000000.0,,,,,20000000000.0
100,cyber19rtverjn8kw7dzwzch2elktxgcmak6dlyyma7n,20000000000.0,,,,,20000000000.0
101,cyber1tcnlvf6qhlc3x7ax2vk3vzhxhf8wy8xrh2v9as,20000000000.0,,,,,20000000000.0
102,cyber1edwwsevuywe3sx82sustvyx3f3cvjt44cstrle,20000000000.0,,,,,20000000000.0
103,cyber18t3kx877vyvstcvn50cgn5w6hppe8ce09cd3vh,,,18546327724.0,,,18546327724.0
104,cyber1csf3up94qheqz88fvvlwjl7vc5sdymarjnshkn,,,,,18442151620.0,18442151620.0
105,cyber1kfqv2fzzu6dgwnf6snql2jslwdws07flws32fp,,,17879700159.0,,,17879700159.0
106,cyber1ggayl03vvv763az6eez66jzwuunyqkcu5w5je0,,,17754934798.0,,,17754934798.0
107,cyber1fjeq0urgk4x0s6pl2p2fes8c95426amp68lw63,,,17601345097.0,,,17601345097.0
108,cyber1tr3eyy9l480pxjk0ygudwpfus7j8pgdlktu79x,,,,,17537519175.0,17537519175.0
109,cyber16ahkkv0jzhtp73z83qlhqrypss6jpjm8ap96e3,,,,,17375703563.0,17375703563.0
110,cyber1jgh7ghrcr47tuahawzvg3svv2hxkxfx5cave5h,,,17333444802.0,,,17333444802.0
111,cyber1htq7u8gy9muv4fk6st04524tdzy8rv04sj5nnd,,,,,16744189104.0,16744189104.0
112,cyber1kk9clwd4eva7ww95gn4rw3xzuwfs0983588rek,,,,,16191669541.0,16191669541.0
113,cyber16yf94eecl6h44l5w7zp75skh3rg0k4vee549dh,15000000000.0,,,,,15000000000.0
114,cyber1mnfalar08dsvtwutmh43lnhx2zzmq7xhfyvzv0,,6402703804.0,,8540100989.0,,14942804793.0
115,cyber1k7cl9ya9qq30c7m4rvg3823hrc8k80ee0clv96,,,,,14797976623.0,14797976623.0
116,cyber16d69u47km5vqdvf6fr8qyhktlacgka7ff5we56,,,,,14751375909.0,14751375909.0
117,cyber19y467lyhqlpa52y6snq9cxw47xhwq0th4eu05j,,,14256149914.0,,,14256149914.0
118,cyber16ge9uqpqf78jdt0uz58ycalhtg59w77qlac96h,,,14222312706.0,,,14222312706.0
119,cyber1lljcf37yxh24l3v4kwqsyghwz4ywlg6u8sxduy,,,11645695552.0,1970857840.0,,13616553392.0
120,cyber1463la66ac89tmlwgvx20c4d2jv84ekzsrw3vsr,,,13368713572.0,,,13368713572.0
121,cyber164k2s2s2td6a30d3rvnv93scy3v29psw32zg6x,,,12701785716.0,,,12701785716.0
122,cyber16h7tyj5p69t3r7qasunf938cx2elp38fnct947,,2062295417.0,,10620434968.0,,12682730385.0
123,cyber1cjyv02cja896rr5y5lks79enk2nretn3lchrdc,,2147705260.0,1417622893.0,8731817017.0,,12297145170.0
124,cyber1rya5547x4lrwc2npd63s89ny2dvhamv9f3473c,,,12090950492.0,,,12090950492.0
125,cyber18wn5kyxewwk6qh97493xtj9gufpmqserd9yrxr,,,12063356572.0,,,12063356572.0
126,cyber1kf0d64nuwsf2zeul5wkx78fsznplnlpsd0djhn,,,,,11673069511.0,11673069511.0
127,cyber1zeg2k7kd8qadmwd3kslwmag3erq7hqxts9wf9l,,5135290206.0,,6162279773.0,,11297569979.0
128,cyber1d7n8znqg635yxnzlsycnt6kut8z5du5ydn0s55,,,10958899451.0,,,10958899451.0
129,cyber1wt9h9wm3zf7yzsy68x7v8p973w02kw8yqysvrf,,2760107758.0,,7777346692.0,,10537454450.0
130,cyber1402rpwdquxxkgvl740f6w69l65eau5vkyqlc2m,,7159491819.0,,3246938813.0,,10406430632.0
131,cyber16pdckvu70ufzvm8avd9anga6k35nu7axqru3eu,,,9792986284.0,,,9792986284.0
132,cyber1ucl2c39dpwqm9pp6cvmlazn2tkwavszh5jdfj8,,2575695017.0,,7109962804.0,,9685657821.0
133,cyber18ghjkwygsvjcsh20tc5zzhfttxxuex7ap8nukd,,,,,9561458741.0,9561458741.0
134,cyber18txzlmkqf264a2awhey6lmeq0dtv5ex6p4ej0e,,,9333557553.0,,,9333557553.0
135,cyber1s2a7rckcky6jmhncxwy0xtwf2ymg87pujzp64l,,,,,9246030793.0,9246030793.0
136,cyber1mnqlcc7mslzxcf798acp80u2fxudsuzdhhjadd,,5378290695.0,,3666902099.0,,9045192794.0
137,cyber1pswgrf5ap0kld3lpun5z4x08wh7nmgamflgnwm,,3282151788.0,,5358993270.0,,8641145058.0
138,cyber1nvr4qa7szsd3e7xfysn946gcqv5wyemlu7gakn,,5133236390.0,,3297924061.0,,8431160451.0
139,cyber1ke6pp2kq2wx74tlh5fxqgp7af6jtsna3jwc8q8,,4104967246.0,,3851891784.0,,7956859030.0
140,cyber1nywu6z26tpcrr2kcqe8z7t235wrfkhfcd0vevt,,4106198982.0,,3137937218.0,,7244136200.0
141,cyber1mmtt0cnsgwx3t90vs4tn9k08kw8xn4v39smjtr,,,6701991111.0,,,6701991111.0
142,cyber1mryr27k3h8kqr5ahj82v0ym2xexdewfcpmggl6,,,6310270182.0,,,6310270182.0
143,cyber1fpl40sref5vp8kfm7xkqlq5qc0v4xrjvjlkdeq,,53188072.0,,6083030821.0,,6136218893.0
144,cyber1a4mzr2y2g0cc9f0uhyeh3ftmsfxzqwxffcckf9,6001189000.0,,,,,6001189000.0
145,cyber1gg73t0eyrkqf953waqxh6uqah62p46jyvle8g7,,,5787292447.0,,,5787292447.0
146,cyber19vgwu99fdawejnedgsfx8dmxuc0z4emjdxw5zg,,,,5014404214.0,,5014404214.0
147,cyber1gxyf6tsjamnavmkfk43mwfzwscn4tgfkxl9urw,5000000000.0,,,,,5000000000.0
148,cyber1s6v5ragv9gg3sq7j3aeqtyy82uaxv3y0s03vq6,,,,4273801138.0,,4273801138.0
149,cyber1679yrs8dmska7wcsawgy2m25kwucm3z0nks9ze,,,,,4225275377.0,4225275377.0
150,cyber1jx0az02ccnt4mgj2r9vhvycsdjsztrrgfwae5v,,,4220671315.0,,,4220671315.0
151,cyber1pjvkddp4fmx8ym5j7s7su8kn3zuqj255f2369q,4000000000.0,,,,,4000000000.0
152,cyber1mlqakhlxplhlezk80lph99wcy377j9dkwc42l4,4000000000.0,,,,,4000000000.0
153,cyber1nuc82t22xgp09rs2tdnlxxgm95pjg5ma02a4ny,,5497646.0,,3567926892.0,,3573424538.0
154,cyber1r90j4656xsug2hkj57a3knqcs9huh3earlhdqu,,,3475567070.0,,,3475567070.0
155,cyber1zl0t5703q42qx7drxsgl9thjwlul5x6uh2y4lw,,,2742969308.0,,,2742969308.0
156,cyber15gk8edxtvvp372flljk884fav55y8ehw8yx8sn,,,,,2279889403.0,2279889403.0
157,cyber1jz57cgfr248y9w6sn76l7pugjkr6e7zh7uen5u,1160000.0,,,,2178739020.0,2179899020.0
158,cyber13q0m4hw6pmajqdqn4g464vzmst78sf55jns6cf,,,2064986311.0,,,2064986311.0
159,cyber1ssu4wqtzvvmwcukcv7l8zxny647mdx03ahc0f0,2001189000.0,,,,,2001189000.0
160,cyber12reh000lje8y20wshqmgl8tg70qggt2auxnezf,2000000000.0,,,,,2000000000.0
161,cyber1hmrxmc27fu4ggdpvpxqtahn6uvtj38vucxdxch,,10268322.0,,1844228437.0,,1854496759.0
162,cyber1gw5kdey7fs9wdh05w66s0h4s24tjdvtcp5fhky,,,,,1755881840.0,1755881840.0
163,cyber1kajt7sxfpnfujm7ptj90654lmwz4sftpuag6jq,,,,,1743792737.0,1743792737.0
164,cyber1y6huw3naar38u4rtgqmlh9smfu93gszs0acxeu,,,,1688512495.0,,1688512495.0
165,cyber15kdrahda8qcyfa9xe8kt2f737m22x2slagvfrz,,3552879.0,,1628053769.0,,1631606648.0
166,cyber1uwfk6h06w8vnhmyp48vwcpgwncsec8yv46uan4,,8204799.0,,1494510816.0,,1502715615.0
167,cyber16qu2ymnzzjn05xc6yszjy50caaahcahdgr2ary,,,1362390306.0,,,1362390306.0
168,cyber1hqeqy4s039q0qcpayqcyaq5hyyvmph970xkqjw,,,,1190379955.0,,1190379955.0
169,cyber1t575qeee3qgshuf964qal057z77vljqedacy0t,,,,,1099995800.0,1099995800.0
170,cyber105zy26ze9gean4qukqlvhkv4mtcndc9tw7wl6l,,,,,1006206924.0,1006206924.0
171,cyber14h099ukgvp4fm9qs0xnmljzhevrmneq6lztyu3,,,,978084362.0,,978084362.0
172,cyber1xhk0s2ynz2sq3ak3lr4u5gg0da4vyaxkd2ynfz,,,,924447759.0,,924447759.0
173,cyber1g2d9xyuf7ddgaj4llxvg50pfhlsr9ehfwm5k58,,154956147.0,,716488373.0,,871444520.0
174,cyber1a30w6j4m6g3s2c6zt02z56xynnuaqmn3e0aata,50000000.0,,,,774688373.0,824688373.0
175,cyber1pmaltcu0x97x8j5klc8xluaapkzcvztchjldvn,,,,,734384390.0,734384390.0
176,cyber1n3mhyp9fvcmuu8l0q8qvjy07x0rql8q4ck2hrl,,,,,704276829.0,704276829.0
177,cyber1u3ap2d4ytcqrr6jlsjf380g3lvgldq4m7dr964,,,,,673130864.0,673130864.0
178,cyber1keny4peq77drtcdj6fscd9eknqcqyjmxyqsuu6,,,,,647527281.0,647527281.0
179,cyber16w2xwdzf6tzucpwcjjqtg9656a4kkv7gw3fhpc,,205345882.0,,252779909.0,,458125791.0
180,cyber14z6glatrayal5j53632kcefskyge6ujmvgym73,,,,327466267.0,,327466267.0
181,cyber14n625exc6ftee3t6tez3hj47lv49amjzet86p7,,,,236797768.0,,236797768.0
182,cyber1jst67u54vquzvun3dawpmpwyx5ar8maye9909r,,,181160067.0,,,181160067.0
183,cyber1kk79xcsuah7ckvunku78094gyh7900ehj8vdt7,,,,,173703544.0,173703544.0
184,cyber1fhj7pkuvwflr7z7ngp2v9tj7g58aq2tjv5nj20,,,,135097195.0,,135097195.0
185,cyber1l4krahjfp87exsmumzpnrfeaer2gsghpckyjk8,,,,112519320.0,,112519320.0
186,cyber16s7gwc944patdynnfnvac0jh5u76wsnfmnh2fr,,,77674844.0,,,77674844.0
187,cyber137eezcxcyqgt6kshfdfuvnsdgwpujyjew85m6l,,,,,73708712.0,73708712.0
188,cyber19lsruwa85k93ahzkdwaydyrl6ehz9dmmj9lxce,61260000.0,,,,,61260000.0
189,cyber10a9mqy8cu04nyz3nj934ck39p6u9ddjtpu8jmy,61110000.0,,,,,61110000.0
190,cyber1rc2647d9nftgwwh9n5vaw26lnjdrewc4fygps4,54168000.0,,,,,54168000.0
191,cyber14thj9udwenk5q8c5ey2urude2j54xud2ejfckv,52099000.0,,,,,52099000.0
192,cyber1ysn8jyjv464fv4wpt40vezh7d5tw05tcp550sk,51860000.0,,,,,51860000.0
193,cyber1hmdjgtv3yq4qzyuk3ynyt42sjntma8hqem269s,51560000.0,,,,,51560000.0
194,cyber17jq8ev7n4e3zv8zdek5mccvxcgxxtkwvevl4um,51219000.0,,,,,51219000.0
195,cyber1nqxwnut0hdgsn3l9zaladaft5xt9c6expcn84q,51160000.0,,,,,51160000.0
196,cyber1gfkztltd789py02jcd79dnkl252uej7xreqazu,51110000.0,,,,,51110000.0
197,cyber18ghdg8y5hx6esxm6ndw3ywgtalvkmz48xphrdl,51100000.0,,,,,51100000.0
198,cyber1pt3a6xk432vs8lp0z6ya3qhqhxks99xe3g4aha,51060000.0,,,,,51060000.0
199,cyber19wlc6vms3qkuy48wgg2dl06veahgxl475l50j0,51060000.0,,,,,51060000.0
200,cyber1ypzhtfsyuejekw0w0z207wyedqm3xqafulq8f4,51060000.0,,,,,51060000.0
201,cyber1e4cnw86pl73k2sfv7uwauflfl42qzncn399lmr,51010000.0,,,,,51010000.0
202,cyber1nsffk0nt927vn7pdsk8epzjeqch3yfzkxc89kz,51010000.0,,,,,51010000.0
203,cyber1fzkp5pux48ux72wsgls9lhxp5cq2tqsy4jyjw9,51010000.0,,,,,51010000.0
204,cyber1zcf0ph3k4p2q2pl32zqspy5f7jkgxd5s3wtkd8,50000000.0,,,,,50000000.0
205,cyber1z6lhk6u25fceqylmgv65t5py0c8kclgk56gmnm,50000000.0,,,,,50000000.0
206,cyber1hjz37u09vws084cvwjlr5t27wmsrzm9tl3r6tf,50000000.0,,,,,50000000.0
207,cyber1prrtyfgrw2tzj9kua5eu7tnctt474m36aum83h,50000000.0,,,,,50000000.0
208,cyber1y795vkzvczrauey63vmvvcjr84l3fjhey45jx6,50000000.0,,,,,50000000.0
209,cyber1ftkw5j528j94cajk4rvqum3k7mhhmpvyul99n4,50000000.0,,,,,50000000.0
210,cyber1hy8dexwz6ynlnnaj8ge7jvmzs4c6qmz6q0k9g9,50000000.0,,,,,50000000.0
211,cyber1knpgev72f2empt8j8gcn24my8kdasy2lup3fwq,50000000.0,,,,,50000000.0
212,cyber1k24kf4reet2lstvmkx9a4j0r87xfuqeqnjv65l,50000000.0,,,,,50000000.0
213,cyber1v9p7ukxpw2yjk7eqm8720vkgqq5qlk7w42nn4p,50000000.0,,,,,50000000.0
214,cyber1vpp9vy0fnxxw8yk5t2cctutpfv8pprvyntp4jj,50000000.0,,,,,50000000.0
215,cyber1jet9jf456dja8vqlhk407l06yvfehwzug2wly3,50000000.0,,,,,50000000.0
216,cyber1w0u83ty3nmflg9846zmh28u0hweccs3fx3jac5,50000000.0,,,,,50000000.0
217,cyber1jcj0w0e2khy0asm7dz8883xnepzmaxyl2p399h,50000000.0,,,,,50000000.0
218,cyber1gywad2frusetg26dyh83cfaevacravasnup4l8,50000000.0,,,,,50000000.0
219,cyber1pa0rcdua5v9d4vf09ksnnl7t96nfkf3w4x9w69,50000000.0,,,,,50000000.0
220,cyber1znt56em2psvx8ylfpplcmpy5esrea08gwerh3x,50000000.0,,,,,50000000.0
221,cyber16kqpk5jg9e5ucxv3e003mf48yuamw4ceskawgq,50000000.0,,,,,50000000.0
222,cyber124ll3q05an955eh26ygn34u5gtm9287a82sn9c,50000000.0,,,,,50000000.0
223,cyber1clr05sms7eklm509ger6jdzhgheafskv3kaa54,50000000.0,,,,,50000000.0
224,cyber1ayc0pueqve9a3xjpgwh3p4l6hjlyvfpvu8ly6x,50000000.0,,,,,50000000.0
225,cyber1amletsu7926696dpeay8wrewqgww5s7yctpf37,50000000.0,,,,,50000000.0
226,cyber1a57rc9cnhdn4l843ca4990aqldh5wmq0cy2s44,50000000.0,,,,,50000000.0
227,cyber186tpdptavhzz7fg83vnm4r2y85cfqyg65tcqtw,50000000.0,,,,,50000000.0
228,cyber17llhhwjmglhhqumz72e4jap5cj39r8rwemde43,50000000.0,,,,,50000000.0
229,cyber1durjade4he9l23rw38azruzfttpmc8224tfcsr,50000000.0,,,,,50000000.0
230,cyber12w56mhf4nsfchquw0sgzwn72qkzvfvquz0mp6w,50000000.0,,,,,50000000.0
231,cyber16jvmfza0q60umemx2pv8s5kle2h8g9x6k2kjpa,50000000.0,,,,,50000000.0
232,cyber15pax03gsgw84lsygpxyyvtthd8fswrqp6kptfx,50000000.0,,,,,50000000.0
233,cyber15k9z24v0thrxffetjp97493ec89zlz7rahd690,50000000.0,,,,,50000000.0
234,cyber14q65nd2ft893dagpln4fq39wutv2xmpe4wtwej,50000000.0,,,,,50000000.0
235,cyber13s4egz6pqg6a88dunme3esuee5w7qlkj0nttc6,50000000.0,,,,,50000000.0
236,cyber10v8qjj6haddx7wmnr65mcsllu8xunkee66m24f,50000000.0,,,,,50000000.0
237,cyber12w37894jf7rt2ck709rk8xa23lz3lg9tgazsgl,50000000.0,,,,,50000000.0
238,cyber10905rstxf5tzj0w6gguaa76ma7s32v48crx4jl,50000000.0,,,,,50000000.0
239,cyber1exv982mrkyfd967xv7fam7lq8h3ce3dvut7w8v,50000000.0,,,,,50000000.0
240,cyber1exul86z68fzck5jra7jp8xdwvmfz5p9qqyyutx,50000000.0,,,,,50000000.0
241,cyber1e0c3ehnfzvcxvwh9fgzyfc2vqshy9w53fydvy3,50000000.0,,,,,50000000.0
242,cyber1zr9urr3m42w7pu5h5xn7rvghcdk5vtrtl3a9e5,50000000.0,,,,,50000000.0
243,cyber17ssaukj47urfj6c8cgywyz9xhgqz3tnpqxq0p3,50000000.0,,,,,50000000.0
244,cyber16zykdjnfjdy5cy3phuymmcghh8x24eahwqgqkp,50000000.0,,,,,50000000.0
245,cyber1zyws7rajm9f3ql6jqqpzvnml0aym9vspfxcf3t,50000000.0,,,,,50000000.0
246,cyber1jmdtfuxag0deeuyxmj4ge2mqhvc200hll6heu5,50000000.0,,,,,50000000.0
247,cyber1m7y6qezuemqe6n535z7s80ee8zw4zg4875s0xp,50000000.0,,,,,50000000.0
248,cyber1melp9r22clnjzzudd0thvs5zzveqfjylp764rg,50000000.0,,,,,50000000.0
249,cyber1tz4yrvqlw87e74n783n0da4pttay2ypsdcfpd6,50000000.0,,,,,50000000.0
250,cyber1pkhgpslggp3t0nrwskvgczxmavg7yejfc8vz8m,50000000.0,,,,,50000000.0
251,cyber1q22fvnhna2zg2g2xm6s5587w8fvsh2zzdp2ld6,50000000.0,,,,,50000000.0
252,cyber1pa0lcssmjkkycdvrhhzey5h94v34wuf9cdcv88,50000000.0,,,,,50000000.0
253,cyber1pe42d4gkg7smf9na6dvh5twq9hgczsag3pvasg,50000000.0,,,,,50000000.0
254,cyber1q2ajajyu0t544tudcnvk7xcznerhylz37e8hu9,50000000.0,,,,,50000000.0
255,cyber1q8ajen3vu5v5uu4czkvqasqvw827dz2nycfkcd,50000000.0,,,,,50000000.0
256,cyber1zx70t5xqc8h4kmvrssdc2w82v9ksw0r8w9k723,50000000.0,,,,,50000000.0
257,cyber1nscf69wvc0wkgqm8ma79qv8cr6j6zq3d0hcuj6,50000000.0,,,,,50000000.0
258,cyber1qc4t2q45f826cfc7k0y45ma8f5qrrfv2hwvlxv,50000000.0,,,,,50000000.0
259,cyber1qf560sekun7kjsu4r0puey5u4fn90025ddn3kh,50000000.0,,,,,50000000.0
260,cyber1qkltelhy5zsr4kfrefvwsupxyt6y9skwke79qg,50000000.0,,,,,50000000.0
261,cyber1sntt4y34tghn45vw97az7mz4vkcw8kgras96qr,50000000.0,,,,,50000000.0
262,cyber1nfdyvvjy5hum8gpgmt29d0m5y4te3ekpdu39kn,50000000.0,,,,,50000000.0
263,cyber1teyn0utv6yhnwux44ycfvqh6z888pvjaxatedz,50000000.0,,,,,50000000.0
264,cyber1n0wkta56ktj93nzpe9amkgrzq7rhzt3gqzgut2,50000000.0,,,,,50000000.0
265,cyber1l9yx676futn4h28rxupsvk7evl9s68hrc32s6n,50000000.0,,,,,50000000.0
266,cyber1uz39kh64w8p5df034fh6g5hwpdq8m0h5878uqy,,,,,49997750.0,49997750.0
267,cyber1n89a8avc4j7cv75lfsyynx5kazlk80arsctk38,,102666.0,,40897910.0,,41000576.0
268,cyber150svyax8m8dwljwenc8xxtsg0avud07ms3sy5l,12320000.0,,,,,12320000.0
269,cyber1yvlp9gzqaufwz02swp5wqsqhlmfcrcl8ljen4x,12219000.0,,,,,12219000.0
270,cyber14tjwqqyha0c9r0s29dm0n0zdpdc4hfrvhxpm8a,11310000.0,,,,,11310000.0
271,cyber1x8r0ktn36dsxsadnp3863txyd9pksrp6ekt82q,11260000.0,,,,,11260000.0
272,cyber1tyzmkpn0axquu4jlht3lllsmq03um8knsq00kk,11210000.0,,,,,11210000.0
273,cyber1f2uslv6udnjwyqkdngc7rswp5vkmgavzvuk0a4,11100000.0,,,,,11100000.0
274,cyber1t7gw3d2jz4qc6k6umgkazvfyeydjv7l6hug3df,4870000.0,,,,,4870000.0
275,cyber1zejjt25xw9gwvhave95ykkvgqjtk7j56dpkre2,3409000.0,,,,,3409000.0
276,cyber1vesdfkzd36m08clhvkpusq4gv0dnqm288revwe,3184000.0,,,,,3184000.0
277,cyber1ypvt8rf8md7qedvnk0p8cvd6mnffepstr3u0kr,2860000.0,,,,,2860000.0
278,cyber1y7ku6vf9vq53pv4y6lw2zjn4d5ul3javlae4ql,2099000.0,,,,,2099000.0
279,cyber17tksas9e4nkp25vgwcsd7z6y83pa6u7sf4hlwl,2099000.0,,,,,2099000.0
280,cyber167hs9ma63wd02xym0vjw80uqlekt0cs539rtd3,2099000.0,,,,,2099000.0
281,cyber1mzn966mlprxgkvayrqu209069px0qwz7v6q9jc,2099000.0,,,,,2099000.0
282,cyber1cjeg60652ueyu5222l3atmm8vrhlq4tfcgqtet,2099000.0,,,,,2099000.0
283,cyber13855g4d5pfhtnqemgp700qs36qpjdnazt443vf,2069000.0,,,,,2069000.0
284,cyber1pkxtd9xwmqwg08kjgz9xqyee3aw7j8upflkxq8,2019000.0,,,,,2019000.0
285,cyber197h938dvw52kzf2l7gke2u5tcz3grvlezpwmce,2019000.0,,,,,2019000.0
286,cyber1ueywgan39tj27pdysq0d54cqvcwyggf6a52tcr,2019000.0,,,,,2019000.0
287,cyber1m3yh7j0jefp9dl26cz8fqexfg8tds39lna899n,2019000.0,,,,,2019000.0
288,cyber12arnsa069zhad0e40mlgy034n7aq77e2h77hww,2019000.0,,,,,2019000.0
289,cyber1hyjhy0tp6geral2g9vj9nyteglf8t5q4ws6mx0,1982500.0,,,,,1982500.0
290,cyber1gh8tenvx2sf9kj2c359ey6s5k0vzlrl7xdc0jl,1660000.0,,,,,1660000.0
291,cyber1svwchckmrrkfl7py7l2fz3esla7lwmalm4xl5h,1624000.0,,,,,1624000.0
292,cyber1wr0mqeyea45u9av63srtvgr553nyg6l99vdz47,1460000.0,,,,,1460000.0
293,cyber1e20dl8se4v2ev79qcay3ag7uf5t98gam96ukz6,1460000.0,,,,,1460000.0
294,cyber12c8kh7aaz2gg0l4nkd73t58nhurdarensvwstq,1384000.0,,,,,1384000.0
295,cyber1ftyx5guwf39fz4nc5n5nc9fua36cq3448rekzv,1260000.0,,,,,1260000.0
296,cyber123wttw3lu62m7lcg23rkwr88cvv8apjmgw0fj5,1189000.0,,,,,1189000.0
297,cyber1j5wpswepyxva5vupvg05pq6jzqh7ttdvae9vkv,1189000.0,,,,,1189000.0
298,cyber1pzyt3y68zcnvl7hkvuffqfedccaptf6n0j4unq,1160000.0,,,,,1160000.0
299,cyber1wh5gfxyz8x95qyjlc2s24h3czr60vfeh2nx73q,1160000.0,,,,,1160000.0
300,cyber1pvu65ccqw3fmgq88j2j485wc6qm96nx7nxvgz5,1160000.0,,,,,1160000.0
301,cyber1pzxnpyvxr6x9z64y6w3ctv0cvcx9sp90a0p7dj,1160000.0,,,,,1160000.0
302,cyber1z3u9w3vyq6sw7ndxcdpjkgvlj0qaqm6s9qzfvu,1160000.0,,,,,1160000.0
303,cyber1njpfrygstn6r5awzp77keyhkl3wfhzmvf6e6t4,1160000.0,,,,,1160000.0
304,cyber15ak23s0usm36hv2e4kajhe0yx592hw473eznpa,1160000.0,,,,,1160000.0
305,cyber1gffprg0nuvj9ve39s9rjhjp04u7k8xwahjce75,1160000.0,,,,,1160000.0
306,cyber1ke9xxd3d6y0ttduac062zvv3r0jtakvhj5nr9l,1160000.0,,,,,1160000.0
307,cyber1yq5h0gjxuup83hdz53utukwhkkz684mk484907,1160000.0,,,,,1160000.0
308,cyber19rfaqnnz5fy3qct8qxzany94t2p7h0rrux8yvl,1159000.0,,,,,1159000.0
309,cyber15y8g5ggq2lslncdnlcscqygyesefmjy00dtxwv,1129000.0,,,,,1129000.0
310,cyber1h9k38zr5a532jzl0hsker9qz785m822zlca7fg,1108000.0,,,,,1108000.0
311,cyber1zy3nxgwtw9hr99tzfaxasgwklm9ev843d2074z,1100000.0,,,,,1100000.0
312,cyber1d66wegxpllcsnrzv9saqugpk2dausa837cvm2l,1099000.0,,,,,1099000.0
313,cyber1vmfs06hv80gc8jcpzu93ld4494azendxd9vva4,1099000.0,,,,,1099000.0
314,cyber15njl9exppdfms5fg4zz9wafn4a95lfj3t3car6,1084000.0,,,,,1084000.0
315,cyber16gtt4cmrvg2us2rgecym9zt65zet7qq2ay3h65,1069000.0,,,,,1069000.0
316,cyber1fm842pq6zxaqs86fm30xv459gx7hm7f0c30fml,1069000.0,,,,,1069000.0
317,cyber1rzr7gnkm3kdqmzqya7ky98m8tnnmtet5r42xmj,1069000.0,,,,,1069000.0
318,cyber1z33aen2znsmgy7wwzavwh2q0u7cu4e9xnwh2fc,1069000.0,,,,,1069000.0
319,cyber1v2fzs3a8mvm4nhsfcpk85gt3d8rdacv6xsmyj7,1069000.0,,,,,1069000.0
320,cyber1jsdfjw0pjjj5thg7z2tpm30njusrlsag09t95d,1069000.0,,,,,1069000.0
321,cyber10r2sn7sasanc0tuw5wzupxvlpht5uv26602cdh,1064500.0,,,,,1064500.0
322,cyber1uz3xp4au0rxawmct6ffj0u3le7uglyza3fw6k9,1060000.0,,,,,1060000.0
323,cyber1s4ytylknecgkp7sp3jgf2f5lj7mm2xxzt3kcgv,1060000.0,,,,,1060000.0
324,cyber1s05hsv6fxhkpclwxzgnlfjjk7qdm78nm9qyfc6,1060000.0,,,,,1060000.0
325,cyber1tx6dnqh0nnj05uuell7rhnwhennscehlh2hy33,1060000.0,,,,,1060000.0
326,cyber1cmhrs08sqv0823mj057svp8jerp6avne77gs59,1060000.0,,,,,1060000.0
327,cyber1e08w7wrjn05gl06xkwnlfmud5f6trdkrdh7clf,1060000.0,,,,,1060000.0
328,cyber1u8yt9tvnwvvvlm36w97nyg27ue797hrvj6fztm,1060000.0,,,,,1060000.0
329,cyber1uym8hd4pum4zz2mpkf93y8435u725k97ajt2su,1060000.0,,,,,1060000.0
330,cyber1h9zrqgwcjtul3s9qxf0hk0ym9alm44ztqk9jn0,1060000.0,,,,,1060000.0
331,cyber176q2gvutyk63dzknylcvdhp6lyjwu5w9d4gqw3,1060000.0,,,,,1060000.0
332,cyber1damlfdlp8yynjvrmv6pd3t33f4currrhadtqzl,1060000.0,,,,,1060000.0
333,cyber1xc6jdlqd8gd9e6p73xdc2yw7ad3tnl8w62x48z,1060000.0,,,,,1060000.0
334,cyber1gtma98yjsx43zc30j99t7t0tmdjt2gypppdnc7,1060000.0,,,,,1060000.0
335,cyber1epcd5upewwa7s20u6kgf9uywa2f7c3yj76wzlj,1060000.0,,,,,1060000.0
336,cyber1pzp9nadejsjzfkpfl9k7ktu2cfhprw4r6clkru,1060000.0,,,,,1060000.0
337,cyber1wdk6rndatlj8dpxq799vmu50zft7xk577l2fa3,1060000.0,,,,,1060000.0
338,cyber18fudz7p6ah9yvdr4p9aflp8pgzngx84car8y5q,1060000.0,,,,,1060000.0
339,cyber185y3kgv3e6t4sue0a55jyq88hv76th3u8ttxz9,1060000.0,,,,,1060000.0
340,cyber1u4427txgc9pulkuu0wk4v9cjxqa0dxees937fh,1060000.0,,,,,1060000.0
341,cyber1e8dsx8yx9mjn8v8egz2n5vafkymqw98wqd3p5y,1058500.0,,,,,1058500.0
342,cyber1pfwja2fu2qcqvdws6rcdr9y6za46dklazq5272,1039000.0,,,,,1039000.0
343,cyber1hjjsjgv7sx88mxfq9y44ql24xs76jj3w6ukj76,1039000.0,,,,,1039000.0
344,cyber1evnwfeuqsgkjwe5qwe5acyy6m4w5ch03lf2928,1039000.0,,,,,1039000.0
345,cyber1w7f07762zelhx4spzkndmygh2dz58g3nhv5hfa,1039000.0,,,,,1039000.0
346,cyber17vw0qcu9j8t6jhh83sjrzj07nwg9nndfuea7lj,1039000.0,,,,,1039000.0
347,cyber1p4uyyk8sc2arl4n9egw3xrn9g7rpkzle83xgg9,1039000.0,,,,,1039000.0
348,cyber189tpr8vg4qvwn7fgs6szkqr25yrammvvm64547,1039000.0,,,,,1039000.0
349,cyber15a8z9l8ufw8v8zdddfhesnmfzwwhua7azmgj3z,1039000.0,,,,,1039000.0
350,cyber1kae5k3nnzs3q7tar4ec3w29w4avd8saqc2jfpf,1039000.0,,,,,1039000.0
351,cyber1808q4nv5qafkk8ec9h56wwth6sl5a5ydtpvhw8,1039000.0,,,,,1039000.0
352,cyber17kwvcuvar02ldacltr48373rm74z8lfkuc55m0,1039000.0,,,,,1039000.0
353,cyber1kfz37afuxfyajrzk7xv6937xc0jsq4zdtq296l,1039000.0,,,,,1039000.0
354,cyber13nef2p2g48kmj83m7f0ey76q6p9cdyrntf4wul,1039000.0,,,,,1039000.0
355,cyber1r7grd2sazgzsy8y0c8wlsnjyhdc0sq4n9muhza,1039000.0,,,,,1039000.0
356,cyber1xvsukg4tltfzduw0lsvgqyrhe6rzrlp46jvgjh,1039000.0,,,,,1039000.0
357,cyber16gxdwa79rsvkjaawpcpswthgahm56p4m9y5jwc,1039000.0,,,,,1039000.0
358,cyber1t5r4uhu0tscqw380t6hqmvrgyhlrj3u445rqzv,1039000.0,,,,,1039000.0
359,cyber1undz2328av9agfhaguqs8zxzejv5zqccpsskv3,1039000.0,,,,,1039000.0
360,cyber1m9x4gg6frezyeqldxdz4dvegxpcytxna9shdep,1039000.0,,,,,1039000.0
361,cyber130avjyegx7glgnqvraetqj6ztacrqv9kfkw4p0,1039000.0,,,,,1039000.0
362,cyber104rtaftr9xmx6dcakempk590tfxx4ytdfctfjr,1039000.0,,,,,1039000.0
363,cyber1f6tmyjffs0p7f6xeh25esjhawxu2kll9khuxzr,1034500.0,,,,,1034500.0
364,cyber185tek8r0ptelug0erducctzc4d83q5np4fz7pf,1030000.0,,,,,1030000.0
365,cyber105c5jk0xwzlk4pexgaeqkxq0xadtqchc38gzm8,1030000.0,,,,,1030000.0
366,cyber1z0m5tcv4jde5acv0w4dms537wvntgj7x3x3qwp,1030000.0,,,,,1030000.0
367,cyber1jlu5u2sj0afddmcj7lxfy0ng466s8l2qf233z3,1010000.0,,,,,1010000.0
368,cyber1y9tvvunr7uaqjjw8u6xn5muypq6pheyzsshnvv,1009000.0,,,,,1009000.0
369,cyber1qsm0ujra4vdwymc5vrtey2rvalyq8392nx8g5g,1009000.0,,,,,1009000.0
370,cyber1jgvy2vr96auye3er6n3tkhlu9hnxs6h3ef5cku,1009000.0,,,,,1009000.0
371,cyber1kz6s2mp4rg7plj8p4qqe2wkegn4ldw3ajjw9h9,,,,,233827.0,233827.0
