,subject,comm_pool,delegation,euler-4,lifetime,load,relevance,takeoff,port,investors,inventors,sum
0,bostrom1qn8sr2hzmktlecusdtxj9hwj0upnm0jft9snar,,,,,93872815.0,,4887205664742.0,1265001729654.0,4000000000000.0,,10152301267211.0
1,bostrom16230lc9r27vrxlzd4wlvcz2l66quzj84vlkxc5,,,,,,,,,,10000000000000.0,10000000000000.0
2,bostrom1gxhs5wzam5rlgf6cs0lkme400ut64d4ncpfs2h,,,,,,,,,,10000000000000.0,10000000000000.0
3,bostrom1ttd4h585vgy29gj0xe0p338drvw9w4m4hzwj9p,,,,,,,,,4000000000000.0,,4000000000000.0
4,bostrom1qwzsnnuk2u6avvh059c9p50gqqquvcu5svvwrs,,,,,,,,,4000000000000.0,,4000000000000.0
5,bostrom1g07gj9ph0r2hjx6ffqn8vl38u4agd5mpqx9m7f,,,,,,,,,4000000000000.0,,4000000000000.0
6,bostrom1pntx8ql2v7cqxu05etg8c4v0r2vz7qnq9uqmpy,,,,,,,,,4000000000000.0,,4000000000000.0
7,bostrom1m8yf3g2m9p7danjvt4ga6vzewy380pk52kcu9z,,,,,,,,,4000000000000.0,,4000000000000.0
8,bostrom1s4czxghmh29aw2ldynk8r9lnkfccw5ph8rjpxa,,,,,,,,,4000000000000.0,,4000000000000.0
9,bostrom1t3222ju7ssu58xsm3m2xw445p94cqn2qrex3vy,,,,,,,,,2000000000000.0,,2000000000000.0
10,bostrom1edlrze5f48jjaw0wxcve4asqqf2tcjdl59ln8q,,,,,,,,,2000000000000.0,,2000000000000.0
11,bostrom10c8znaj94y900syues06dz50hw6y9qpkhunn25,,,,,,,,,400000000000.0,1000000000000.0,1400000000000.0
12,bostrom1s3lgc3mgy4ltwr796qk6j73xmau4njueds0mgu,,,,,,,1340337491769.0,,,,1340337491769.0
13,bostrom10556xtnp39nvx3ec3yjafug662pyt6af84n477,,,,,,,1304153455839.0,,,,1304153455839.0
14,bostrom17a7xxqa4drnalvv7pkxrkxqer953fdke3ulwx4,,,,,,,,,1000000000000.0,,1000000000000.0
15,bostrom10e3rqclgjz4m4fnx2c23jupcjpyuvyx3x4k7qj,,,,,,,,,1000000000000.0,,1000000000000.0
16,bostrom1ngd5w7j4u5ar5xh7vzuwqqznnhhcjmnz0s6kpu,,,,,,,,,1000000000000.0,,1000000000000.0
17,bostrom1fe5mspz9jsq6p9hqqet86dwp276635l6gacspa,,,,,,,,,1000000000000.0,,1000000000000.0
18,bostrom194pp2whvqynxnfyw5tqy8fzy2kxsugyrwsaynk,,,,,,,,,1000000000000.0,,1000000000000.0
19,bostrom1s4wntr9selfaznc2ezjkwnwt2y0terx9tqpda3,,,,,,,,,1000000000000.0,,1000000000000.0
20,bostrom1ffve0zx389ffl80ae9t8jmghcjuzdlqr5eayfd,,,,,,,701778551659.0,,,,701778551659.0
21,bostrom1ftah3e558ww7xutn5w8h7vrqa9v69pntztnr3p,,,,,,,622444466499.0,,,,622444466499.0
22,bostrom14nzyt8wmx4g6zkeluelukamgsh5v4xgnc25k6j,,,,,,,108729659282.0,,400000000000.0,,508729659282.0
23,bostrom1sng0f47cuvx6edxaujh24wc3dvk94q0w6r6smh,,,,,3927733.0,,74217807211.0,,400000000000.0,,474221734944.0
24,bostrom1wnpak7sfawsfv9c8vqe7naxfa4g99lv77d7c0z,,,,,192458910.0,1750177336.0,469321209467.0,658125569.0,,,471921971282.0
25,bostrom1quchyywzdxp62dq3rwan8fg35v6j58sjwnfpuu,400000000000.0,,,,,32771825520.0,,,,,432771825520.0
26,bostrom1mcslqq8ghtuf6xu987qtk64shy6rd86a2xtwu8,,,,,,,,,400000000000.0,,400000000000.0
27,bostrom1679yrs8dmska7wcsawgy2m25kwucm3z0hwr74y,,,,,264078762041.0,120664978934.0,4225275377.0,,,,388969016352.0
28,bostrom1hmkqhy8ygl6tnl5g8tc503rwrmmrkjcq3lduwj,,44520253098.0,294594691430.0,27210367043.0,4614693334.0,10420579129.0,,,,,381360584034.0
29,bostrom1ymprf45c44rp9k0g2r84w2tjhsq7kalv98rgpt,,47418074597.0,249028568078.0,30517372757.0,11978014123.0,26452621959.0,,,,,365394651514.0
30,bostrom1d8754xqa9245pctlfcyv8eah468neqzn3a0y0t,,,,,7069919.0,232748525.0,,,360000000000.0,,360239818444.0
31,bostrom1sgy27lctdrc5egpvc8f02rgzml6hmmvh5wu6xk,,,,,,,359172486938.0,,,,359172486938.0
32,bostrom12psudf4rpaw4jwhuyx3y8sejhsynae7gv53hn6,,9428419501.0,289014488663.0,21663954767.0,,,,,,,320106862931.0
33,bostrom178q202gz0093uke0jy96psyya452rt8apl4has,,,285239999451.0,,,,,,,,285239999451.0
34,bostrom1cg79pj70mgl8xlum0rw5yy6enk9jszsrzvwysn,,,,,49096661.0,,278433789365.0,947937939.0,,,279430823965.0
35,bostrom1w4tvyvf3hhpcwv9d4axa8n0mmj5d6ypvpq5mj6,,,,,,,,278432605496.0,,,278432605496.0
36,bostrom1uvqp7cqzpzjxwxlx87epgf8er9az89f9ke3rn2,268944039000.0,,,,,,,,,,268944039000.0
37,bostrom13dpy00jest96g7h5vdgvg9zpxq6xnclh5hzw5l,,,,,,,258229369437.0,,,,258229369437.0
38,bostrom1kr6udadsvdjymq6m75un4khg27t25st2jn8sag,,,255496772589.0,,,,,,,,255496772589.0
39,bostrom1mdq5r6az6z8su68zj6px88j2ukr78ea4ggkzt6,,,,,,,237448433882.0,,,,237448433882.0
40,bostrom1xk4a2u2rjt7mqu5eg8xtxk37l28r3cugkqk9lp,,,,,,,,233157212646.0,,,233157212646.0
41,bostrom177y7sqkxmvl22j632haf8y9gv0j3wedssq5m50,,20500567008.0,161772072332.0,24014339467.0,28672450.0,16249193036.0,,,,,222564844293.0
42,bostrom1w8ap0ns4d5fagjfwvph6t99uet0cwv6y6r03un,,,200997782490.0,,,,,,,,200997782490.0
43,bostrom1svm5wl5jf4p7dwemj7wh0p4egr3js6rqtlnefu,,,197153970492.0,,,,,,,,197153970492.0
44,bostrom1gnnd2eaeqpp6lsd34tnp6j0m85h6r9qg0wh3vr,,,194917719034.0,,,,,,,,194917719034.0
45,bostrom1t0hmc79ht0qja92p6qgxn3ee3a3rzqutv7thqn,,,188630461585.0,,,,,,,,188630461585.0
46,bostrom1ggc9sqvj0uhnzwxu5dyzcr05shwd2vv2guqmas,,,180243413335.0,6732817375.0,1178320.0,,,,,,186977409030.0
47,bostrom12q68xfj4r00nxnjrqk742rf0z2w6jmwaeppvr0,,,183750995527.0,,,,,,,,183750995527.0
48,bostrom1lepnu7nt05g79jtmfp2pgrpys3fjc4p74sc0l2,,,,,,,182911039870.0,,,,182911039870.0
49,bostrom1zhy7l8phhpsm2c6xl9c5arcu0z90clynluwrw5,,,161481707259.0,,,,,,,,161481707259.0
50,bostrom1d5lu67hu3lhqtw6zyv7uy4gkfpdtfnzxdu6mrq,,,,,,,157995617348.0,,,,157995617348.0
51,bostrom1zy553za8nenzukmv65240323jhuvxzym4pl6w9,,22107148994.0,,13440309740.0,44831928383.0,1160221687.0,72024951997.0,,,,153564560801.0
52,bostrom1x95keq9l9y9p7hjdt6xd8wnknrpnjsqrqhpwc9,150000000000.0,,,,,,,,,,150000000000.0
53,bostrom1k60sfzh3ecyqfv36f7zav0089077e4zk4g6mxa,,,146840247453.0,,,,,,,,146840247453.0
54,bostrom16jttzjgks48kqrhk5e68yv0gv6dt0rpw2f5pwn,,,,,,,141302079887.0,,,,141302079887.0
55,bostrom1kpep8dl93ud4wgpws3tcew6as2s36c9v3csw89,,,140997260087.0,,,,,,,,140997260087.0
56,bostrom16lvsv3w7rnhcm079v6j9eah3xd0p3pd37hl48j,,,122742180846.0,,,,,,,,122742180846.0
57,bostrom1e20hw2pqcgxvumkwn2qeeavcrswzskzjhr2aq0,,,,,785547.0,,119453574443.0,,,,119454359990.0
58,bostrom1ke7kxdn29w2lrxt9dzusa6shvmwd8xm9gxm2zf,,37576877634.0,,4443209216.0,,73420928895.0,,,,,115441015745.0
59,bostrom1mnrwpdlnglhtqwa55fa66va0j3fv72nvkz4e2x,,1737571043.0,106192910312.0,6897780406.0,1571093.0,,,,,,114829832854.0
60,bostrom1dt9lwmuq8rkngm5gajxchqhpcnavgp7md9v929,,9987047512.0,90918587064.0,10957918915.0,321681321.0,46807970.0,,,,,112232042782.0
61,bostrom15zs0cjct43xs4z4sesxcrynar5mxm82f0ykhl3,,15464386326.0,37624877989.0,20503040116.0,29730581092.0,3719085456.0,,,,,107041970979.0
62,bostrom1xvssufw8ke03halg8wgu8m994ktxz0y9vm6tqn,100000000000.0,,,,,,,,,,100000000000.0
63,bostrom1z98eg2ztdp2glyla62629nrlvczg8s7fvc0znp,100000000000.0,,,,,,,,,,100000000000.0
64,bostrom1vxxfhd8txmrq76jx3gj7sdrvg0vvqret6kxpgd,100000000000.0,,,,,,,,,,100000000000.0
65,bostrom1vtu55cc7m6yz9zfg5vqdk80f2g68petgzj9fv4,100000000000.0,,,,,,,,,,100000000000.0
66,bostrom16macu2qtc0jmqc7txvf0wkz84cycsx728ah0xc,,,,,16103705.0,55778469820.0,42201602776.0,,,,97996176301.0
67,bostrom17z2fywzrdld7qmwzpsq0atxfwcns8rp833rgxy,,,,,,,95223358775.0,,,,95223358775.0
68,bostrom1dxpm2ne0jflzr2hy9j5has6u2dvfv68calunqy,,4744433641.0,74273271492.0,15809132022.0,,,,,,,94826837155.0
69,bostrom1tu0e0ggvjtv4gvzcranjnrykac0umnf8y8fm0r,,,,,,,92010985676.0,,,,92010985676.0
70,bostrom1sltcfypwms38jjj3g38rg7ldx3e6uqrzrnkf9y,,,,,,,91965450766.0,,,,91965450766.0
71,bostrom18naxcfp2s397a2ucav2m53f003uylk3qz9fvr7,,15259397818.0,19980209562.0,26399274499.0,26611568430.0,2462577501.0,,658690702.0,,,91371718512.0
72,bostrom1en69twaxmv7xupy8lq7y539dpecx7yz8g0k8ft,,18669971823.0,35149508757.0,24919735783.0,5528676770.0,301861873.0,,,,,84569755006.0
73,bostrom12xsg4qm4k5z48s79zdsz84jlhv56kmta3vyfvl,,,74772629353.0,,,,,,,,74772629353.0
74,bostrom1f7nx65pmayfenpfwzwaamwas4ygmvalq2q2ayq,,47095487433.0,2952355930.0,20394243142.0,,,,,,,70442086505.0
75,bostrom1my32szlwazg9x56xqvsvtp0hqvpzm0r4u3k4ae,,,70179119586.0,92845309.0,,,,,,,70271964895.0
76,bostrom1lnkg57t7mvg5mcl7kdkevtgr9wlf6f9qtp86sk,,4338666110.0,50221478847.0,14835497059.0,322859641.0,,,,,,69718501657.0
77,bostrom1daxxqs56f6j5qxxtjrjkexghsmnaj66tejshc8,,45885621564.0,,23275608448.0,,,,,,,69161230012.0
78,bostrom1g0ap9fvex93yzzj69uzl74942vjvq8e4f8xtyr,,,67992083477.0,,,,,,,,67992083477.0
79,bostrom16zms8r32vad3z8hl2vc6wrcnanwmxf0dgh25yp,,,67229160818.0,,,,,,,,67229160818.0
80,bostrom152m9xcx0ht7yxr5834ju7qjcyvetw8amd04apw,,26069696989.0,,15467407648.0,25296563469.0,,,,,,66833668106.0
81,bostrom18z9vsjffvggluxcxfqwsmrz02v37hx2e3auyn2,,,57929970902.0,5741693919.0,,,,,,,63671664821.0
82,bostrom1d3zlsrjyl3tzp3aly7vjduhrtrtvkvkeaqpdku,,,63422106566.0,,,,,,,,63422106566.0
83,bostrom1stfw0z5nf2ncxxtrk7zndpf2dla3nh379egwcy,,11914393376.0,,11189940762.0,36938756433.0,1635757102.0,,,,,61678847673.0
84,bostrom18jwk949jqgq3j2du2dgscqxqkkqw5rsjfuucf3,,,61558395847.0,,,,,,,,61558395847.0
85,bostrom13fwhvawke6867s6raqux25fd24t89j5h8wf2v0,,,60883067675.0,,,,,,,,60883067675.0
86,bostrom1lpfs6xv765u4yxr8rlyn5ux0g2a8tyt90hsnas,,,,,,,59256843788.0,,,,59256843788.0
87,bostrom147rnn0rxqkythj4j9ccq0kytmh7f005rn0a3zj,,11199572491.0,,13133148758.0,30186983650.0,792143948.0,,,,,55311848847.0
88,bostrom1njsr8tngxtygsc73mrtn5738ztkzqy7c7y7h3t,,15230667266.0,,17888573509.0,,,14737589328.0,,,,47856830103.0
89,bostrom1smqr5tp684g07aekcn0w852wqlme5mn6dmsny3,,,,,,,47098839942.0,,,,47098839942.0
90,bostrom1dl5df5g2xwj02e93k547etw2ergvc3a20v5ekz,,,46480474242.0,,,,,,,,46480474242.0
91,bostrom1argjwgcplguenq4l92ggn06wadnfrz0ecqrmqs,,20472680990.0,,24506572852.0,,,,,,,44979253842.0
92,bostrom1eqkdzfcjnu20ywju35rf3nutxzjxjaqnxqfyyz,,,,,,,44081312892.0,,,,44081312892.0
93,bostrom1ldjugf3uj2gwkmmsf5japfknf96zv6hw7xw7v4,,102675.0,40841467077.0,2388287319.0,,,,,,,43229857071.0
94,bostrom1waac73cpffx7suhpkvnn8w0a8s2cgzn66x2aka,,,,,,,42415701749.0,,,,42415701749.0
95,bostrom13ume6mqte5h9ngx2hh6ngc8aham7x0k6stuvkm,,,41813199988.0,,,,,,,,41813199988.0
96,bostrom1y9zkl7uqjev899swng4eqfuurwaxpchwppewyc,,,40330418998.0,,,,,,,,40330418998.0
97,bostrom14d92r4svhl4qa3g6q48tjekarw2kt67ngqn4lr,,,,,,,,,40000000000.0,,40000000000.0
98,bostrom19ys53t55r725j882gjcrnf7s449gdrds3h2hu4,,,36908973741.0,,1274549312.0,70470760.0,,,,,38253993813.0
99,bostrom16lf2hvzy4n4gvtx37pgkkdw2e2psfjjdpej53p,,,37988147654.0,,,,,,,,37988147654.0
100,bostrom1fapqgamx3c8za8d3z56sydjtjygyu0ly752j8g,,,,,,,37850807372.0,,,,37850807372.0
101,bostrom1v5jqg6k7mszmchhz8kyfml5h4e2txct9jz3am4,,,37418729590.0,,,,,,,,37418729590.0
102,bostrom1x7wp0u877dkw7m84jv54c9g6zpd5r8t2nm47gn,,,,,,33812731064.0,,,,,33812731064.0
103,bostrom1w4548vrnvc7t9j2ly55nvkjvhwqt9thnfcvuw6,,,,,,,33395512349.0,,,,33395512349.0
104,bostrom133t8m00w7llsslnf05zdhehharntly8dqzpfs8,,,,,,,31992273571.0,,,,31992273571.0
105,bostrom1kgq82m6z2jttytv7fvwy2rklhq5k03gc2h9sej,,,30494554808.0,,,,,,,,30494554808.0
106,bostrom1smtmk8fe3qhlwj3h7nynl6p42946qydzvgj9va,,,,,,,29390986364.0,,,,29390986364.0
107,bostrom1hvk6s053m6qdlz9kwllgldwf4qp2c3mrlh9s2q,,,29370149824.0,,,,,,,,29370149824.0
108,bostrom1ccvpcq9ffy0qd2ca8nmmpzfamtyjfc9znwak8m,,19689711316.0,,9472498458.0,,,,,,,29162209774.0
109,bostrom152kqs8p7d3jy6kn4uk87ve3alkuqjgewt3cmvz,,,24799790071.0,4121615983.0,,,,,,,28921406054.0
110,bostrom1gss7y04dky2fykck4dyp0pe39wxawlxm2l0yj2,,,,,,28704261935.0,,,,,28704261935.0
111,bostrom1ch6nukdgj55c9sk4h5t8spzhahuuvn86gqvarm,,,27485323135.0,,,,,,,,27485323135.0
112,bostrom1rqudjcrdwqedffxufmqgsleuguhm7pkaq0alce,,,27363284437.0,,,,,,,,27363284437.0
113,bostrom1qgqkc9t3pfsp6yxjwds70e4r9y0p6resmfnymc,,,26376882296.0,,,,,,,,26376882296.0
114,bostrom12kd8w45rqxuwpwqvpmdyvvdey9ezeqhav4nn85,,,26208333897.0,,,,,,,,26208333897.0
115,bostrom16yf94eecl6h44l5w7zp75skh3rg0k4veavx762,15000000000.0,,,,10185396846.0,,,,,,25185396846.0
116,bostrom1dn09uyhwmv3ratntc7c603vczgrec32c2fylpj,,,24175157388.0,,,,,,,,24175157388.0
117,bostrom1qezgmksavgdvcvf9ckhazfy3jfw8whhzfrvtlz,,,21979059507.0,,,,,,,,21979059507.0
118,bostrom1d552nfgekkugdgxw3zl242qpxapl67jfkz76tp,,,21555502893.0,,,,,,,,21555502893.0
119,bostrom1cerh237zd5rdexptjw8ryhwdf2tc9eupz7sfn0,,,,,,20918517127.0,,,,,20918517127.0
120,bostrom10vpygn9ftv85ra7j7qpewuq5jdgvpjmehlds0g,,,20335729382.0,,,,,,,,20335729382.0
121,bostrom18t3kx877vyvstcvn50cgn5w6hppe8ce0pq72m2,,,18546327724.0,,,,,,,,18546327724.0
122,bostrom1csf3up94qheqz88fvvlwjl7vc5sdymarktrvpw,,,,,,,18442151620.0,,,,18442151620.0
123,bostrom1kfqv2fzzu6dgwnf6snql2jslwdws07fl2gz37u,,,17879700159.0,,,,,,,,17879700159.0
124,bostrom1ggayl03vvv763az6eez66jzwuunyqkcusk8fwj,,,17754934798.0,,,,,,,,17754934798.0
125,bostrom1fjeq0urgk4x0s6pl2p2fes8c95426amp7lv4dv,,,17601345097.0,,,,,,,,17601345097.0
126,bostrom1tr3eyy9l480pxjk0ygudwpfus7j8pgdljn09jm,,,,,,,17537519175.0,,,,17537519175.0
127,bostrom16ahkkv0jzhtp73z83qlhqrypss6jpjm8eekpwv,,,,,,,17375703563.0,,,,17375703563.0
128,bostrom1jgh7ghrcr47tuahawzvg3svv2hxkxfx5u9lzr2,,,17333444802.0,,,,,,,,17333444802.0
129,bostrom1htq7u8gy9muv4fk6st04524tdzy8rv04528gys,,,,,,,16744189104.0,,,,16744189104.0
130,bostrom1kk9clwd4eva7ww95gn4rw3xzuwfs0983sl5cwt,,,,,,,16191669541.0,,,,16191669541.0
131,bostrom1s2a7rckcky6jmhncxwy0xtwf2ymg87puk6jpzz,,,,,2752947960.0,2774105228.0,9246030793.0,218362161.0,,,14991446142.0
132,bostrom1fz799u9jc0umceng3nkjt0njxy6y3550uq06jn,,,,,,14973655085.0,,,,,14973655085.0
133,bostrom1mnfalar08dsvtwutmh43lnhx2zzmq7xhdulemj,,6402703804.0,,8540100989.0,,,,,,,14942804793.0
134,bostrom1k7cl9ya9qq30c7m4rvg3823hrc8k80eetqvhj8,,,,,,,14797976623.0,,,,14797976623.0
135,bostrom16d69u47km5vqdvf6fr8qyhktlacgka7fdvazr8,,,,,,,14751375909.0,,,,14751375909.0
136,bostrom19y467lyhqlpa52y6snq9cxw47xhwq0th3p05r0,,,14256149914.0,,,,,,,,14256149914.0
137,bostrom16ge9uqpqf78jdt0uz58ycalhtg59w77qm9t7d2,,,14222312706.0,,,,,,,,14222312706.0
138,bostrom1lljcf37yxh24l3v4kwqsyghwz4ywlg6urg4kte,,,11645695552.0,1970857840.0,,,,,,,13616553392.0
139,bostrom1463la66ac89tmlwgvx20c4d2jv84ekzs8kzh87,,,13368713572.0,,,,,,,,13368713572.0
140,bostrom1wzqyjejz5px38vgqsegafrcexl3963q9dsgqh9,,,,,,13098969682.0,,,,,13098969682.0
141,bostrom164k2s2s2td6a30d3rvnv93scy3v29psw4j3ndm,,,12701785716.0,,,,,,,,12701785716.0
142,bostrom16h7tyj5p69t3r7qasunf938cx2elp38fhqc7zr,,2062295417.0,,10620434968.0,,,,,,,12682730385.0
143,bostrom1cjyv02cja896rr5y5lks79enk2nretn3mqyc69,,2147705260.0,1417622893.0,8731817017.0,175176885.0,,,,,,12472322055.0
144,bostrom1rya5547x4lrwc2npd63s89ny2dvhamv9dfx9x9,,,12090950492.0,,,,,,,,12090950492.0
145,bostrom18wn5kyxewwk6qh97493xtj9gufpmqserfahc37,,,12063356572.0,,,,,,,,12063356572.0
146,bostrom1kf0d64nuwsf2zeul5wkx78fsznplnlpsfh7fqw,,,,,,,11673069511.0,,,,11673069511.0
147,bostrom1402rpwdquxxkgvl740f6w69l65eau5vkqcvrax,,7159491819.0,,3246938813.0,,,,949629027.0,,,11356059659.0
148,bostrom1evz2xfd6sam0kzz5qc5lje4s90vcgyyrzz47pm,,,,,,11323309556.0,,,,,11323309556.0
149,bostrom1zeg2k7kd8qadmwd3kslwmag3erq7hqxt5aajjz,,5135290206.0,,6162279773.0,,,,,,,11297569979.0
150,bostrom1d7n8znqg635yxnzlsycnt6kut8z5du5yftutrf,,,10958899451.0,,,,,,,,10958899451.0
151,bostrom1mzmzlzk4xpm6zy68c43e6hen98w07yhfedumgg,,,,,,10780033350.0,,,,,10780033350.0
152,bostrom1wt9h9wm3zf7yzsy68x7v8p973w02kw8yyurh55,,2760107758.0,,7777346692.0,,,,,,,10537454450.0
153,bostrom143x4d5wx50204zyreqg8ekgq3n3fcaxucacztp,,,,,,,,9826875134.0,,,9826875134.0
154,bostrom16pdckvu70ufzvm8avd9anga6k35nu7axym02wp,,,9792986284.0,,,,,,,,9792986284.0
155,bostrom1udal5nr3lz7mg7j7k79se4rz0tsjj8lur45q99,,,,,2666930610.0,7057738490.0,,,,,9724669100.0
156,bostrom1ucl2c39dpwqm9pp6cvmlazn2tkwavszhs27j96,,2575695017.0,,7109962804.0,5891599.0,,,,,,9691549420.0
157,bostrom1y83nga220nfjt9zz0mmqc90cd705az95n5cfwj,,,,,,,,9608859331.0,,,9608859331.0
158,bostrom18ghjkwygsvjcsh20tc5zzhfttxxuex7a9lq8ps,,,,,,,9561458741.0,,,,9561458741.0
159,bostrom18txzlmkqf264a2awhey6lmeq0dtv5ex69d2fcy,,,9333557553.0,,,,,,,,9333557553.0
160,bostrom1mnqlcc7mslzxcf798acp80u2fxudsuzdn0px6s,,5378290695.0,,3666902099.0,,,,,,,9045192794.0
161,bostrom1pswgrf5ap0kld3lpun5z4x08wh7nmgamd8mgex,,3282151788.0,,5358993270.0,,,,,,,8641145058.0
162,bostrom1nvr4qa7szsd3e7xfysn946gcqv5wyemlcxmxpw,,5133236390.0,,3297924061.0,,,,,,,8431160451.0
163,bostrom1ke6pp2kq2wx74tlh5fxqgp7af6jtsna3kktuh6,,4104967246.0,,3851891784.0,,,,,,,7956859030.0
164,bostrom1nywu6z26tpcrr2kcqe8z7t235wrfkhfcfhlzmk,,4106198982.0,,3137937218.0,,,,,,,7244136200.0
165,bostrom1mmtt0cnsgwx3t90vs4tn9k08kw8xn4v3pggfu7,,,6701991111.0,,,,,,,,6701991111.0
166,bostrom1mryr27k3h8kqr5ahj82v0ym2xexdewfc9rmng8,,,6310270182.0,,,,,,,,6310270182.0
167,bostrom1fpl40sref5vp8kfm7xkqlq5qc0v4xrjvk89kwa,,53188072.0,,6083030821.0,,,,,,,6136218893.0
168,bostrom1gg73t0eyrkqf953waqxh6uqah62p46jyg82ulr,,,5787292447.0,,,,,,,,5787292447.0
169,bostrom184dur4s6pldvhvcyputu6yshsm09s6wmvylt8k,,,,,,5728639830.0,,,,,5728639830.0
170,bostrom19vgwu99fdawejnedgsfx8dmxuc0z4emjf7a044,,,,5014404214.0,,,,,,,5014404214.0
171,bostrom1gxyf6tsjamnavmkfk43mwfzwscn4tgfkz8k85n,5000000000.0,,,,,,,,,,5000000000.0
172,bostrom1s6v5ragv9gg3sq7j3aeqtyy82uaxv3y05hzhh8,,,,4273801138.0,,,,,,,4273801138.0
173,bostrom1jx0az02ccnt4mgj2r9vhvycsdjsztrrgdkwzr3,,,4220671315.0,,,,,,,,4220671315.0
174,bostrom1nuc82t22xgp09rs2tdnlxxgm95pjg5matjwwye,,5497646.0,,3567926892.0,,,,,,,3573424538.0
175,bostrom1r90j4656xsug2hkj57a3knqcs9huh3ea88ykhp,,,3475567070.0,,,,,,,,3475567070.0
176,bostrom1zl0t5703q42qx7drxsgl9thjwlul5x6unjhwgn,,,2742969308.0,,,,,,,,2742969308.0
177,bostrom15gk8edxtvvp372flljk884fav55y8ehwru4u8w,,,,,,,2279889403.0,,,,2279889403.0
178,bostrom1hyjhy0tp6geral2g9vj9nyteglf8t5q42gfq3j,,,,,3927733.0,,,2184963106.0,,,2188890839.0
179,bostrom1d8mq46wt2yxsgwrmh6hhfgycl0537w8gggn47f,,,,,,,,2182283065.0,,,2182283065.0
180,bostrom1jz57cgfr248y9w6sn76l7pugjkr6e7zh6y2grp,,,,,,,2178739020.0,,,,2178739020.0
181,bostrom13q0m4hw6pmajqdqn4g464vzmst78sf55ktrp05,,,2064986311.0,,,,,,,,2064986311.0
182,bostrom1p0r7uxstcw8ehrwuj4kn8qzzs0yypsjwxgd445,,,,,26708583.0,,,1992130580.0,,,2018839163.0
183,bostrom1hmrxmc27fu4ggdpvpxqtahn6uvtj38vuu77a02,,10268322.0,,1844228437.0,,,,,,,1854496759.0
184,bostrom1gw5kdey7fs9wdh05w66s0h4s24tjdvtc9v6vpe,,,,,43597835.0,,1755881840.0,,,,1799479675.0
185,bostrom1kajt7sxfpnfujm7ptj90654lmwz4sftpc9mp9a,,,,,,,1743792737.0,,,,1743792737.0
186,bostrom1y6huw3naar38u4rtgqmlh9smfu93gszst9tawp,,,,1688512495.0,,,,,,,1688512495.0
187,bostrom15kdrahda8qcyfa9xe8kt2f737m22x2sleslj5l,,3552879.0,,1628053769.0,,,,,,,1631606648.0
188,bostrom1uwfk6h06w8vnhmyp48vwcpgwncsec8yv3z0xyg,,8204799.0,,1494510816.0,,,,,,,1502715615.0
189,bostrom16qu2ymnzzjn05xc6yszjy50caaahcahdvmex5e,,,1362390306.0,,,,,,,,1362390306.0
190,bostrom1hqeqy4s039q0qcpayqcyaq5hyyvmph97t79m9n,,,,1190379955.0,,,,,,,1190379955.0
191,bostrom1mj0sj4eaar5qnjn3l05ep5wgq3l6agtvvqwvyk,,,,,226237413.0,951997050.0,,,,,1178234463.0
192,bostrom1t575qeee3qgshuf964qal057z77vljqef9tlck,,,,,,,1099995800.0,,,,1099995800.0
193,bostrom1n55zyf6wlvh8jp4wxqgx4ta283jx0e2n2tutgm,,,,,984682627.0,114773762.0,,,,,1099456389.0
194,bostrom1a4mzr2y2g0cc9f0uhyeh3ftmsfxzqwxfdqtd7c,,,,,119010306.0,,,972470487.0,,,1091480793.0
195,bostrom105zy26ze9gean4qukqlvhkv4mtcndc9t2xaydz,,,,,,,1006206924.0,,,,1006206924.0
196,bostrom1duc9gthaeg82lx9pdf642g043xqhgxgxmfvwsz,,,,,1178320.0,,,993141688.0,,,994320008.0
197,bostrom14h099ukgvp4fm9qs0xnmljzhevrmneq6m6cltv,,,,978084362.0,,,,,,,978084362.0
198,bostrom1xpl2sx64ra5san4su0r0hj8z9eh5cf5dcv48qa,,,,,,,,970654649.0,,,970654649.0
199,bostrom1hem3076xmat8ttr0cg0nnn2lghtc2p7xtzpj8s,,,,,,,,951329198.0,,,951329198.0
200,bostrom1xhk0s2ynz2sq3ak3lr4u5gg0da4vyaxkfjhg7l,,,,924447759.0,,,,,,,924447759.0
201,bostrom1g2d9xyuf7ddgaj4llxvg50pfhlsr9ehf2r8dr6,,154956147.0,,716488373.0,,,,,,,871444520.0
202,bostrom1a30w6j4m6g3s2c6zt02z56xynnuaqmn3ahwxuq,,,,,,,774688373.0,,,,774688373.0
203,bostrom1pmaltcu0x97x8j5klc8xluaapkzcvztcn2vkmw,,,,,2356640.0,,734384390.0,,,,736741030.0
204,bostrom1sm9sq4wnn62tk5yz0x3fvvx2ea9efguqwvdu64,,,,,128044091.0,594091324.0,,,,,722135415.0
205,bostrom1n3mhyp9fvcmuu8l0q8qvjy07x0rql8q4uwev5z,,,,,,,704276829.0,,,,704276829.0
206,bostrom1u3ap2d4ytcqrr6jlsjf380g3lvgldq4m64s7dg,,,,,2356640.0,,673130864.0,,,,675487504.0
207,bostrom1keny4peq77drtcdj6fscd9eknqcqyjmxqcr8t8,,,,,,,647527281.0,,,,647527281.0
208,bostrom1gyhwacrpqwues05pkavw7xwehcqsmgruy34zps,,,,,,564067516.0,,,,,564067516.0
209,bostrom16w2xwdzf6tzucpwcjjqtg9656a4kkv7g2f6vk9,,205345882.0,,252779909.0,,,,,,,458125791.0
210,bostrom1u2s32xsws9y2sskz6zvn7lawepdqxad5dcsyy6,,,,,10212105.0,320482915.0,,,,,330695020.0
211,bostrom14z6glatrayal5j53632kcefskyge6ujmgshqfv,,,,327466267.0,,,,,,,327466267.0
212,bostrom1glgevt43557u6s7a2q9q40kzt8myw4ngcv6wr6,,,,,309112576.0,,,,,,309112576.0
213,bostrom14n625exc6ftee3t6tez3hj47lv49amjzan5pkr,,,,236797768.0,,,,,,,236797768.0
214,bostrom1z8mlsd42eaguaqf5gexy5a7jxgpwpgvz99qzft,,,,,,,,218609970.0,,,218609970.0
215,bostrom1v2n3hg6s4resacgpemfyrd5hul2ntk7tftnk6u,,,,,,,,218382779.0,,,218382779.0
216,bostrom1ufpz4dlnfawg0pr5dcq4hkrf9gs30mu0272p9w,,,,,,,,218341548.0,,,218341548.0
217,bostrom1mkhugmqg9c0qe27stz3m4my9xq7e9pct0jyr3p,,,,,,,,218115192.0,,,218115192.0
218,bostrom19uryr2zuxcfdevfq429jng9a2evxwadlsky04c,,,,,1571093.0,197186458.0,,,,,198757551.0
219,bostrom1jst67u54vquzvun3dawpmpwyx5ar8mayaak5j7,,,181160067.0,,,,,,,,181160067.0
220,bostrom1kk79xcsuah7ckvunku78094gyh7900ehkllkur,,,,,,,173703544.0,,,,173703544.0
221,bostrom1fhj7pkuvwflr7z7ngp2v9tj7g58aq2tjgvqfaj,,,,135097195.0,,,,,,,135097195.0
222,bostrom1l4krahjfp87exsmumzpnrfeaer2gsghpuwhfp6,,,,112519320.0,,,,,,,112519320.0
223,bostrom16s7gwc944patdynnfnvac0jh5u76wsnflty377,,,77674844.0,,,,,,,,77674844.0
224,bostrom137eezcxcyqgt6kshfdfuvnsdgwpujyje2l8qdz,,,,,,,73708712.0,,,,73708712.0
225,bostrom19wtkh935tx2ut2n4m6tjvkfvew4shaeezfl7em,,,,,,59855356.0,,,,,59855356.0
226,bostrom190y8vwhmyjdnk7cfutcm7u8haw80xyejdwxsql,,,,,56952126.0,,,,,,56952126.0
227,bostrom1rfh303jsl5297sxgs5txpt97lvxpjt4he3yy5r,,,,,54988260.0,,,,,,54988260.0
228,bostrom1a2kn43nquua6gmr4n42htmjpceqj7fzushe28h,,,,,,52853070.0,,,,,52853070.0
229,bostrom1uz39kh64w8p5df034fh6g5hwpdq8m0h5rx58he,,,,,,,49997750.0,,,,49997750.0
230,bostrom1u74s0z4ft63c6zz7g8xs62esdtdjkzuk4zf0rt,,,,,,42282456.0,,,,,42282456.0
231,bostrom1n89a8avc4j7cv75lfsyynx5kazlk80ar5qcdx6,,102666.0,,40897910.0,,,,,,,41000576.0
232,bostrom12u6qgyrdsy4xmw04vfkkkh9a9tqzw66g59hudt,,,,,27886903.0,,,,,,27886903.0
233,bostrom1pjvkddp4fmx8ym5j7s7su8kn3zuqj255djzpja,,,,,22780851.0,,,,,,22780851.0
234,bostrom13nrdf490fsuv4rwjp02hlyvalqjkn5u6xxqvqz,,,,,14925385.0,,,,,,14925385.0
235,bostrom1fp9q2t9zn9gr5qjh9wljxuavtcsc4h8uqgnm2e,,,,,12175972.0,,,,,,12175972.0
236,bostrom158mysantvvk7x65tfhhuu8q2va4ls34r54hk78,,,,,9819332.0,,,,,,9819332.0
237,bostrom1clalfxmsrqdgnqq5uxlx0mc983pyp3wq4xl03c,,,,,4713279.0,,,,,,4713279.0
238,bostrom1wf8alywyvlxy2dqfe38efdpdmuscfpf4jxvg6r,,,,,4320506.0,,,,,,4320506.0
239,bostrom13zf8kghx7h5fyttk6xdnjqn9c87z0rd36sfqjw,,,,,4320506.0,,,,,,4320506.0
240,bostrom1cc43k76udpd3xvpn6md76zz3ru6nvcnreeg2eq,,,,,3927733.0,,,,,,3927733.0
241,bostrom1l5x6kerswths5xl0d6672y9yyn9mg2vw8yz59q,,,,,3142186.0,,,,,,3142186.0
242,bostrom1qe4sguqg8ztlyy7psf7lzwr4ahph9j36k5hltz,,,,,2749413.0,,,,,,2749413.0
243,bostrom1mn8ev805fde2xswght0snwfayfj9tn54dt24zg,,,,,2749413.0,,,,,,2749413.0
244,bostrom16vc2mjjfxx2h5m6jpdp4nqfu5095qaeeq27qxj,,,,,2749413.0,,,,,,2749413.0
245,bostrom1jmhqgld7luvuhh42wac24z6nlggjvkc7fzgs62,,,,,2356640.0,,,,,,2356640.0
246,bostrom1eq2h9enjxsg5s08scr69lzwde8fl79snw20dc8,,,,,1571093.0,,,,,,1571093.0
247,bostrom1qjknpllzp6w6qsxxjx52zxald29wpyzljznzdv,,,,,1571093.0,,,,,,1571093.0
248,bostrom1dx8mvxfu6mpfnjehvdkp9lsvu78ek2gjr7r766,,,,,1571093.0,,,,,,1571093.0
249,bostrom16862syzdtc6h0sxz92jhnjjas5yhhjgzvyewwd,,,,,1571093.0,,,,,,1571093.0
250,bostrom1teuan269feyw4ax94jfp4pcgrhqnn28gxxz8mw,,,,,1178320.0,,,,,,1178320.0
251,bostrom1latzme6xf6s8tsrymuu6laf2ks2humqvfcz7m6,,,,,785547.0,,,,,,785547.0
252,bostrom1ec9da8avgv7tnvsx3v8g8veqrhlqq26lnncg5t,,,,,785547.0,,,,,,785547.0
253,bostrom1c7pv6zyza76f3yhv0zvjc042e8m7w796qmvkse,,,,,785547.0,,,,,,785547.0
254,bostrom1yvlp9gzqaufwz02swp5wqsqhlmfcrcl8m22gzm,,,,,785547.0,,,,,,785547.0
255,bostrom1yslufs9kq762qty0wh62c8qtlpm2202ejmw4ef,,,,,392773.0,,,,,,392773.0
256,bostrom1y675phjdvw576ahlcmlamrzr28rjht9mx709lg,,,,,392773.0,,,,,,392773.0
257,bostrom1kjhdx3nkh6krdhryvjzkq33xwh6wsyy7y8ark6,,,,,392773.0,,,,,,392773.0
258,bostrom1jxpe7neu764uasz5y5u4lrr5jtltv430gjm9dw,,,,,392773.0,,,,,,392773.0
259,bostrom1hq8d6pu2l6wkrwu9jxcqjcu55g8l43zxmrd6dk,,,,,392773.0,,,,,,392773.0
260,bostrom1c4h647a9rj8n9zye5ttmh9chpg66f3ffdvdds0,,,,,392773.0,,,,,,392773.0
261,bostrom14ysuwg6p4fzfaa6tg4s3hazu86pfevsw4cegce,,,,,392773.0,,,,,,392773.0
262,bostrom1y935ede6znmcvqdmn6mnl2aa5zxcqvvracsczu,,,,,392773.0,,,,,,392773.0
263,bostrom1kz6s2mp4rg7plj8p4qqe2wkegn4ldw3ak2a7qc,,,,,,,233827.0,,,,233827.0
