,timestamps,txshashes,donors,donates,memos,share,distribution,evangelist,evangelist_address,cashback
0,2020-03-30 17:29:32+00:00,33EE1A45BAF68372597216F1DC49880B99339564FCE11A6EF481F38523FA2506,cosmos1t575qeee3qgshuf964qal057z77vljqe2klvx3,100000,,6.62760373374089e-06,662760373,,,10000
1,2020-04-20 11:43:45+00:00,02CFF6E8B4D5F053326C90ADE8D7FF4010F57965D47AE1400F3694C41C1E6731,cosmos1uz39kh64w8p5df034fh6g5hwpdq8m0h5q4q5f7,50000,,3.313801866870445e-06,331380187,,,5000
2,2020-04-22 17:51:40+00:00,A024C4DE3FAF7EEA4843FB2ACF72273FAF64A5EB9A0415E70273629A3C16A793,cosmos1qn8sr2hzmktlecusdtxj9hwj0upnm0jfgkyqry,100000000,dimakorzhovnik,0.00662760373374089,662760373374,dimakorzhovnik,cosmos1gw5kdey7fs9wdh05w66s0h4s24tjdvtcxlwll7,10000000
3,2020-04-25 14:48:16+00:00,1100F77E10159C9888016B4EAAFD0C086F2685CD6873F06765A3C19FDAA97CD9,cosmos1kajt7sxfpnfujm7ptj90654lmwz4sftpmk0jm6,1000000,thanks to xhipster,6.62760373374089e-05,6627603734,xhipster,cosmos1qn8sr2hzmktlecusdtxj9hwj0upnm0jfgkyqry,100000
4,2020-04-27 18:50:36+00:00,723F0188AE6BA59FC7E93238D6EA4C01EC4775A1D7DE824DDFE7D53620CBB085,cosmos1cg79pj70mgl8xlum0rw5yy6enk9jszsrpl6hw5,100000000,thanks to mrlp4,0.00662760373374089,662760373374,mrlp4,cosmos1cg79pj70mgl8xlum0rw5yy6enk9jszsrpl6hw5,10000000
5,2020-04-27 18:51:04+00:00,5EADE7BA8F00A418EEBB13CD0FCCBBFED3722F901AA9019A31F24D9F44F65E46,cosmos1d5lu67hu3lhqtw6zyv7uy4gkfpdtfnzxw0wga8,100000000,"cyber.page, using Ledger",0.00662760373374089,662760373374,,,10000000
6,2020-04-27 18:52:29+00:00,7C53B3366837616560D10C6180F5BCAC3C7A42D014939ADE1DFB49286DCB0102,cosmos14nzyt8wmx4g6zkeluelukamgsh5v4xgnmeq9y4,100000000,"cyber.page, using Ledger",0.00662760373374089,662760373374,,,10000000
7,2020-04-27 18:52:29+00:00,8850623733EE2DC9CEC5FD17F373642604E5329A67F46B6B10A5268A566733E0,cosmos1d5lu67hu3lhqtw6zyv7uy4gkfpdtfnzxw0wga8,60000000,"cyber.page, using Ledger",0.003976562240244534,397656224024,,,6000000
8,2020-04-27 18:53:20+00:00,76FA3339C73BABB276472BBA5369569AF4A18041B827A6CB5D40AE7C9CEA21D7,cosmos1cg79pj70mgl8xlum0rw5yy6enk9jszsrpl6hw5,50000000,thanks to mrlp4,0.003313801866870445,331380186687,mrlp4,cosmos1cg79pj70mgl8xlum0rw5yy6enk9jszsrpl6hw5,5000000
9,2020-04-27 18:55:48+00:00,1D16F3DD30FE541E009A062EE0BE4BDDC9F3FA5A7DE068E0875FE74F02174F08,cosmos1qn8sr2hzmktlecusdtxj9hwj0upnm0jfgkyqry,1000000000,thanks to xhipster,0.0662760373374089,6627603733741,xhipster,cosmos1qn8sr2hzmktlecusdtxj9hwj0upnm0jfgkyqry,100000000
10,2020-04-27 19:00:58+00:00,47799AFBA732BACCA3C69D4F41B7FD5F25ECE734FAB84BE46A7BCE13C953E66F,cosmos17z2fywzrdld7qmwzpsq0atxfwcns8rp8jzhmcr,101000000,thanks to litvintech,0.006693879771078299,669387977108,litvintech,cosmos12u6qgyrdsy4xmw04vfkkkh9a9tqzw66ghkr0nv,10100000
11,2020-04-27 19:28:08+00:00,B946B2CAE3154B9CEDB7276C203DC4C21BB188D849DA8DD9B391B6B44D196F8B,cosmos1wnpak7sfawsfv9c8vqe7naxfa4g99lv7a72t39,1000000,thanks to serejandmyself,6.62760373374089e-05,6627603734,serejandmyself,cosmos1rhlsrmu8qphuw9qcgulcyx9r3v2p7tm70w3yq5,100000
12,2020-04-27 19:45:16+00:00,B7A2567EA382D5768B9909F8AB37E11B8F74D849251E7AE4C98E90F54EA0C3A5,cosmos1wnpak7sfawsfv9c8vqe7naxfa4g99lv7a72t39,100000,,6.62760373374089e-06,662760373,,,10000
13,2020-04-27 19:49:45+00:00,6D4858E2F6D1B89DCF73C2447AF2D825ADC83F10DCDA67D26825B05C1CD44E4C,cosmos1wnpak7sfawsfv9c8vqe7naxfa4g99lv7a72t39,1000000,,6.62760373374089e-05,6627603734,,,100000
14,2020-04-27 19:52:00+00:00,BEAB22EA2350008FF242E398AEBAF9E079981C427F6A13698D637A745714B2F6,cosmos1wnpak7sfawsfv9c8vqe7naxfa4g99lv7a72t39,1000000,serejandmyself,6.62760373374089e-05,6627603734,serejandmyself,cosmos1rhlsrmu8qphuw9qcgulcyx9r3v2p7tm70w3yq5,100000
15,2020-04-27 19:54:19+00:00,6E3C9581510B168185AAABB74E05B15FB08A60C84D76FD714AC2B91885F84C73,cosmos1kajt7sxfpnfujm7ptj90654lmwz4sftpmk0jm6,500000,dimakorzhovnik,3.313801866870445e-05,3313801867,dimakorzhovnik,cosmos1gw5kdey7fs9wdh05w66s0h4s24tjdvtcxlwll7,50000
16,2020-04-27 20:22:21+00:00,24807140474C34C1E33EA8B5A5FFB8B27612FB7F64EA16156946763121E46345,cosmos1wnpak7sfawsfv9c8vqe7naxfa4g99lv7a72t39,500000000,thanks to serejandmyself,0.03313801866870445,3313801866870,serejandmyself,cosmos1rhlsrmu8qphuw9qcgulcyx9r3v2p7tm70w3yq5,50000000
17,2020-04-27 20:58:41+00:00,4314A6934E76746C7F09A13851283DAE85D1D4CD989A219ED823FE800F71C29D,cosmos1s2a7rckcky6jmhncxwy0xtwf2ymg87pu4fxju9,10000000,"cyber.page, using Ledger",0.000662760373374089,66276037337,,,1000000
18,2020-04-27 22:50:50+00:00,BB21C025265B691E34015D20E0E163BC8C29CE792E38099A14483C935F232DFD,cosmos1kajt7sxfpnfujm7ptj90654lmwz4sftpmk0jm6,300000,,1.988281120122267e-05,1988281120,,,30000
19,2020-04-28 12:01:08+00:00,FD2CCFD8DA2BEBE745B2CD32B826CB0D9891388F15DF03740A1EF37A38C38CEB,cosmos14nzyt8wmx4g6zkeluelukamgsh5v4xgnmeq9y4,3950000,thanks to savetheales,0.00026179034748276514,26179034748,savetheales,cosmos14nzyt8wmx4g6zkeluelukamgsh5v4xgnmeq9y4,395000
20,2020-04-28 14:54:28+00:00,62A9933F0172C25CE65F87376C7748A7E58A3C006E613DE2DF2238437E3F3980,cosmos1smqr5tp684g07aekcn0w852wqlme5mn6wgyq6k,51000000,,0.003380077904207854,338007790421,,,5100000
21,2020-04-30 15:18:08+00:00,3E47AF8A270CAF6E9F0ACBF35AE152479BDCC89E15BF0964A668F91DC813633D,cosmos1htq7u8gy9muv4fk6st04524tdzy8rv04henm6h,1000000,,6.62760373374089e-05,6627603734,,,100000
22,2020-05-04 09:59:23+00:00,80BBF3A52D41D825EBC3341DF95D5CFA134DCABB00B3D1AA7F525A636B5AB692,cosmos1qn8sr2hzmktlecusdtxj9hwj0upnm0jfgkyqry,1000000,thanks to xhipster,6.62760373374089e-05,6627603734,xhipster,cosmos1qn8sr2hzmktlecusdtxj9hwj0upnm0jfgkyqry,100000
23,2020-05-05 08:31:28+00:00,99FF1544D7E7E8B6DF7F57775B1DE048D5D05864FA44D83B122711E5EAAD12B1,cosmos14nzyt8wmx4g6zkeluelukamgsh5v4xgnmeq9y4,7000000,thanks to savetheales,0.0004639322613618623,46393226136,savetheales,cosmos14nzyt8wmx4g6zkeluelukamgsh5v4xgnmeq9y4,700000
24,2020-05-10 16:57:56+00:00,FA88405479867ADFE6FD396E5365E3931A3233C433A18A780F02870DD9CC98F3,cosmos1csf3up94qheqz88fvvlwjl7vc5sdymar4chllf,20000000,,0.001325520746748178,132552074675,,,2000000
25,2020-05-11 15:58:37+00:00,7CF62B9D75C4935AD7D9C132AB792188F323EDC7070A2F10095A834A711D35D2,cosmos1qn8sr2hzmktlecusdtxj9hwj0upnm0jfgkyqry,1000000000,thanks to xhipster,0.0662760373374089,6627603733741,xhipster,cosmos1qn8sr2hzmktlecusdtxj9hwj0upnm0jfgkyqry,100000000
26,2020-05-12 15:25:40+00:00,78F7E86FBA3C30C5F77F62D372A0B92C03AED9C6AE848098F2D1EF041B6F291E,cosmos1ffve0zx389ffl80ae9t8jmghcjuzdlqrh2fhh2,370000000,thanks to litvintech,0.024522133814841293,2452213381484,litvintech,cosmos12u6qgyrdsy4xmw04vfkkkh9a9tqzw66ghkr0nv,37000000
27,2020-05-13 19:58:41+00:00,CC95E43B6D846BB511DDC9A47745874F8FE78E5EDF3807AC66582B6075E7B80B,cosmos1gw5kdey7fs9wdh05w66s0h4s24tjdvtcxlwll7,500000,"cyber.page, using Ledger",3.313801866870445e-05,3313801867,,,50000
28,2020-05-14 13:55:35+00:00,09ABA8CAE7C4B459140918AD4D6C578732223A1031ACD845F0FBA07557045771,cosmos1gw5kdey7fs9wdh05w66s0h4s24tjdvtcxlwll7,500000,"cyber.page, using Ledger",3.313801866870445e-05,3313801867,,,50000
29,2020-05-14 22:18:20+00:00,59301125E5DF7DC8D0166E49D3AB4E84667C076D43AD131D37E53DA3ECD3B0CC,cosmos1fapqgamx3c8za8d3z56sydjtjygyu0lya87pe0,6100000,,0.0004042838277581943,40428382776,,,610000
30,2020-05-17 18:51:51+00:00,EA7DE0DED62AC0ED8A218BDC5300AC56B54ABEAFE46C9E1F30417ADAB147FF0E,cosmos1gw5kdey7fs9wdh05w66s0h4s24tjdvtcxlwll7,100000,"cyber.page, using Ledger",6.62760373374089e-06,662760373,,,10000
31,2020-05-18 14:20:53+00:00,A70A8467505C1990F455D3FB316E7DF1D9A397B9786C608117F16F33C8A68103,cosmos1eqkdzfcjnu20ywju35rf3nutxzjxjaqn9nah69,50000,,3.313801866870445e-06,331380187,,,5000
32,2020-05-18 16:53:41+00:00,6FAED0A7C5E07BE40BB9B018E43DF7ACAF690067487FC444593EB30DFEB00A4C,cosmos1qn8sr2hzmktlecusdtxj9hwj0upnm0jfgkyqry,1000000,"cyber.page, using Ledger",6.62760373374089e-05,6627603734,,,100000
33,2020-05-19 10:03:12+00:00,FE7414876CB47B678E8DAE37E43D5C6A64FAED3422CCAAA4BD3893C9CD9851C1,cosmos1eqkdzfcjnu20ywju35rf3nutxzjxjaqn9nah69,50000000,,0.003313801866870445,331380186687,,,5000000
34,2020-05-20 11:22:29+00:00,0563AD7072EC60010FA943BE5B011055CDDCC99F3781F5D6A489B1AB076491F2,cosmos1qn8sr2hzmktlecusdtxj9hwj0upnm0jfgkyqry,10000000,"cyber.page, using Ledger",0.000662760373374089,66276037337,,,1000000
35,2020-05-20 11:24:21+00:00,5CBA3A68D21C2A977EACAC41772A13660F4A2315744136E1EC335FB2BD4B5FB4,cosmos1qn8sr2hzmktlecusdtxj9hwj0upnm0jfgkyqry,10000000,"cyber.page, using Ledger",0.000662760373374089,66276037337,,,1000000
36,2020-05-21 17:24:51+00:00,ECE45181AFF2C1BF6764BECCB762E4091D58E345E84FF1384EA4B5CFDFC71BA9,cosmos1ffve0zx389ffl80ae9t8jmghcjuzdlqrh2fhh2,50000000,thanks to litvintech,0.003313801866870445,331380186687,litvintech,cosmos12u6qgyrdsy4xmw04vfkkkh9a9tqzw66ghkr0nv,5000000
37,2020-05-21 19:33:38+00:00,2F7873E1693694EAC88DA72C89CBFE53463FB0792837BBB079F56368BF9C1A7C,cosmos1fapqgamx3c8za8d3z56sydjtjygyu0lya87pe0,37000000,,0.0024522133814841294,245221338148,,,3700000
38,2020-05-22 14:31:41+00:00,D6FB35D0CEB138567689962EF255F8F0C4A6710F52EA51DF5D614673BE9481E7,cosmos1gw5kdey7fs9wdh05w66s0h4s24tjdvtcxlwll7,500000,"cyber.page, using Ledger",3.313801866870445e-05,3313801867,,,50000
39,2020-05-22 19:06:44+00:00,078B67AFC33227A9E89C3C5D9749B04A7A13EBA58A1ED8C171517639C0F23662,cosmos1tr3eyy9l480pxjk0ygudwpfus7j8pgdl3qmkvu,20000000,thanks to litvintech,0.001325520746748178,132552074675,litvintech,cosmos12u6qgyrdsy4xmw04vfkkkh9a9tqzw66ghkr0nv,2000000
40,2020-05-24 11:05:36+00:00,ED8DD6C309CC8260BEF2D3D0B849B4193D76DC85AEBD318DBB372B08B53738BE,cosmos1mdq5r6az6z8su68zj6px88j2ukr78ea4tmz34a,272000000,,0.018027082155775222,1802708215578,,,27200000
41,2020-05-25 11:24:25+00:00,2689274E0C164D97927322CC562B01E108D9074B1EB9978FBD8A40736BEECBCA,cosmos18ghjkwygsvjcsh20tc5zzhfttxxuex7axv55lh,1000000,thanks to fftod,6.62760373374089e-05,6627603734,fftod,cosmos1s2a7rckcky6jmhncxwy0xtwf2ymg87pu4fxju9,100000
42,2020-05-25 11:30:19+00:00,E317E565E7731C699993B41FDAAAB20E17426EE76FD0D47E3074FE952916C361,cosmos18ghjkwygsvjcsh20tc5zzhfttxxuex7axv55lh,10000000,thanks to fftod,0.000662760373374089,66276037337,fftod,cosmos1s2a7rckcky6jmhncxwy0xtwf2ymg87pu4fxju9,1000000
43,2020-05-25 16:10:13+00:00,598792900A048AD302F0BA39B7F2A244535A15B60CCA47ACE1759FE19353BC08,cosmos1gw5kdey7fs9wdh05w66s0h4s24tjdvtcxlwll7,100000,"cyber.page, using Ledger",6.62760373374089e-06,662760373,,,10000
44,2020-05-25 16:28:29+00:00,9CAE1274C68528F88FF225968F2A2359879BEAEE2150B236E768E461889F19F6,cosmos1gw5kdey7fs9wdh05w66s0h4s24tjdvtcxlwll7,100000,"cyber.page, using Ledger",6.62760373374089e-06,662760373,,,10000
45,2020-05-25 17:23:21+00:00,5885542321A4DD0CA6C9A6A2A39999CA5D88D9AF0A8CF80DE5C4D2B7356F347F,cosmos1qn8sr2hzmktlecusdtxj9hwj0upnm0jfgkyqry,1000000,"cyber.page, using Ledger",6.62760373374089e-05,6627603734,,,100000
46,2020-05-26 13:07:15+00:00,55AFCFFC52603A0A7D3384AC8ED5ED2C1088F7229C27BFFB79B716FF4FD14C0E,cosmos16ahkkv0jzhtp73z83qlhqrypss6jpjm862zjst,20000000,,0.001325520746748178,132552074675,,,2000000
47,2020-05-27 10:38:01+00:00,7E3C5B30587576E9A91B9FBD73AC59980F823E53150B21CF70993426D054719A,cosmos1gw5kdey7fs9wdh05w66s0h4s24tjdvtcxlwll7,100000,"cyber.page, using Ledger",6.62760373374089e-06,662760373,,,10000
48,2020-05-27 11:47:59+00:00,26A6AE0E2A419294E7921D9EB448B0769E2008F120CDEA9C8431D296A0356CB7,cosmos1kk79xcsuah7ckvunku78094gyh7900eh4vt9zy,100000,show me the future!,6.62760373374089e-06,662760373,,,10000
49,2020-05-27 17:18:22+00:00,1EFF45AC04817F2DBAF2B294CE8901B56B5F365B8F2C559361E0481DE201EE8B,cosmos1kk79xcsuah7ckvunku78094gyh7900eh4vt9zy,100000,I'll keep donating as I learn more,6.62760373374089e-06,662760373,,,10000
50,2020-05-28 18:40:59+00:00,9DC0FF90BAD31A6F2FB464EBB604B650CDBFC608FF3518109A8D2861870095AC,cosmos1gw5kdey7fs9wdh05w66s0h4s24tjdvtcxlwll7,100000,,6.62760373374089e-06,662760373,,,10000
51,2020-05-29 09:58:58+00:00,074879C6916713DB8616D7D57F0D17F01118E3FE5991AE7CCAF75DF225CD7B1D,cosmos1cg79pj70mgl8xlum0rw5yy6enk9jszsrpl6hw5,150000000,thanks to mrlp4,0.009941405600611335,994140560061,mrlp4,cosmos1cg79pj70mgl8xlum0rw5yy6enk9jszsrpl6hw5,15000000
52,2020-05-29 20:26:28+00:00,EBC0BBE9379ADE429611CCF38A2649649C7213B997CB82B1637A5C6DC683461D,cosmos13dpy00jest96g7h5vdgvg9zpxq6xnclhhyka2c,300000000,thanks to litvintech,0.01988281120122267,1988281120122,litvintech,cosmos12u6qgyrdsy4xmw04vfkkkh9a9tqzw66ghkr0nv,30000000
53,2020-05-30 00:56:24+00:00,4B1BF72EBFFA1FEC0440373CCDAD776413CF4DF4B99DC291D44E0DE8F8F9D7F0,cosmos1s3lgc3mgy4ltwr796qk6j73xmau4njuewrmgkm,1600000000,thanks to litvintech,0.10604165973985424,10604165973985,litvintech,cosmos12u6qgyrdsy4xmw04vfkkkh9a9tqzw66ghkr0nv,160000000
54,2020-05-30 07:57:05+00:00,91591911540431110E6E05F147032C7356311221C1DC0E2E25AA5307264CF867,cosmos1qn8sr2hzmktlecusdtxj9hwj0upnm0jfgkyqry,1500000000,thanks to xhipster,0.09941405600611335,9941405600611,xhipster,cosmos1qn8sr2hzmktlecusdtxj9hwj0upnm0jfgkyqry,150000000
55,2020-06-01 19:58:12+00:00,48411181CC4FA496219D80637976CA44F37AFABDD91FAFBB22056D16B6E30FEA,cosmos1qn8sr2hzmktlecusdtxj9hwj0upnm0jfgkyqry,3000000,thanks to xhipster,0.0001988281120122267,19882811201,xhipster,cosmos1qn8sr2hzmktlecusdtxj9hwj0upnm0jfgkyqry,300000
56,2020-06-03 18:25:20+00:00,6D05A73F00B44290B31B175D202E57B00896A1A1D009B8D802E36D77F6F771CD,cosmos10556xtnp39nvx3ec3yjafug662pyt6afyx8xqe,1688000000,,0.11187395102554622,11187395102555,,,168800000
57,2020-06-03 18:29:01+00:00,407794CD279903B31DDC9F1D26E1E364584DFB91C0C0196594A983035AC14975,cosmos10556xtnp39nvx3ec3yjafug662pyt6afyx8xqe,774827,,5.135246318203252e-05,5135246318,,,77482
58,2020-06-03 19:28:12+00:00,7771CB3A77C63E080818FE2A9ECBAF053E94C04F21DCD435B547F1A3C5B1C7E8,cosmos1ftah3e558ww7xutn5w8h7vrqa9v69pntpc8s0x,10000000,,0.000662760373374089,66276037337,,,1000000
59,2020-06-03 19:33:05+00:00,01A72BF505E414309635E3D24CB039140B7E62528BC0C168B473FE5CC57E7EA7,cosmos1ftah3e558ww7xutn5w8h7vrqa9v69pntpc8s0x,820000000,,0.054346350616675296,5434635061668,,,82000000
60,2020-06-06 09:55:13+00:00,1DFBA61720CF3C07F062302357D9E66EF6665819444546371F38F76D6D0BB2CA,cosmos1sng0f47cuvx6edxaujh24wc3dvk94q0weswr9s,100000000,"cyber.page, using Ledger",0.00662760373374089,662760373374,,,10000000
61,2020-06-11 03:13:01+00:00,9FC3A8967D60DEB37C8D4A6F493B84EE061DD79F7F799A01A1680F3AD0291B2E,cosmos1lpfs6xv765u4yxr8rlyn5ux0g2a8tyt9vyyqrh,80000000,,0.005302082986992712,530208298699,,,8000000
62,2020-06-12 03:18:02+00:00,025FE7C0E79A648692C4229E802CAAE4C43FE79461357C2C6448415E7D712872,cosmos1k7cl9ya9qq30c7m4rvg3823hrc8k80eegncyvq,13600000,,0.000901354107788761,90135410779,,,1360000
63,2020-06-12 04:06:34+00:00,86833BA1C685604CAFC0CB95070C730FE90201FCF540F68CBF7486384D305583,cosmos1k7cl9ya9qq30c7m4rvg3823hrc8k80eegncyvq,6400000,,0.00042416663895941697,42416663896,,,640000
64,2020-06-17 21:24:42+00:00,7E89CD4F93259DAE3862E25D71A0DB48B581B3A250B6956B0DE1A06DA529E418,cosmos1sltcfypwms38jjj3g38rg7ldx3e6uqrzqqz6mr,100000,,6.62760373374089e-06,662760373,,,10000
65,2020-06-17 21:31:48+00:00,C780AAF5D310017009E7D736CC6B23423C694517FF85A4118D3F27EBFCF0A418,cosmos1sltcfypwms38jjj3g38rg7ldx3e6uqrzqqz6mr,100000,Antropocosmist,6.62760373374089e-06,662760373,Antropocosmist,cosmos1n2ukmp0r4m90rr4nszuprfvqpuy4ccf044ehrv,10000
66,2020-06-17 21:41:38+00:00,F0A7808805882E6CE13CFC6298F228A7CAB0911CB40969A51745996F5E244C4C,cosmos1sltcfypwms38jjj3g38rg7ldx3e6uqrzqqz6mr,124291000,Antropocosmist,0.00823751495670389,823751495670,Antropocosmist,cosmos1n2ukmp0r4m90rr4nszuprfvqpuy4ccf044ehrv,12429100
67,2020-06-19 12:24:34+00:00,8E52DA13B939F4314F1D6C5D63B5484E2AFD8A3B5CC4D01E808F2DAC2CBF950C,cosmos16d69u47km5vqdvf6fr8qyhktlacgka7fwlf3aq,10000000,,0.000662760373374089,66276037337,,,1000000
68,2020-06-20 16:15:18+00:00,0A79B6DFA7D0EA0C8896F94DEB5FC4F724B84A73CBDB869E152D206351992FFD,cosmos16d69u47km5vqdvf6fr8qyhktlacgka7fwlf3aq,10000000,"cyber.page, using Ledger",0.000662760373374089,66276037337,,,1000000
69,2020-06-20 17:16:37+00:00,F8446CD39D3AA498FC12C1E02B7A840CA44E80DECF5DE3E2218F91E42ABF1247,cosmos1njsr8tngxtygsc73mrtn5738ztkzqy7cah2y0v,19990000,"cyber.page, using Ledger",0.001324857986374804,132485798637,,,1999000
70,2020-06-24 20:21:42+00:00,7B13086165072CE2D9E2EC364C968BB41C4A406ED10FC503E5FD50178A8D61A9,cosmos137eezcxcyqgt6kshfdfuvnsdgwpujyjefvnnn9,100000,"cyber.page, using Ledger",6.62760373374089e-06,662760373,,,10000
71,2020-07-07 18:24:57+00:00,20E59A97441A6A0354A075F579EB190FCF416E289EBF3C935FECFCA38B0CC5E2,cosmos1tu0e0ggvjtv4gvzcranjnrykac0umnf885ag3y,125000000,,0.008284504667176113,828450466718,,,12500000
72,2020-07-24 19:15:53+00:00,442B938B28C9050FA320BDCE835222139E636DCE836A0448A737C373C6319E95,cosmos1smtmk8fe3qhlwj3h7nynl6p42946qydz0mxkj6,40000000,thanks to litvintech,0.002651041493496356,265104149350,litvintech,cosmos12u6qgyrdsy4xmw04vfkkkh9a9tqzw66ghkr0nv,4000000
73,2020-07-25 09:29:22+00:00,22E73389A070989529AC7DC718270099E68B065BC9C9FAEC71622235D7A82A0B,cosmos1htq7u8gy9muv4fk6st04524tdzy8rv04henm6h,1000000,,6.62760373374089e-05,6627603734,,,100000
74,2020-07-25 20:39:47+00:00,A154C160149F068E23338BD2E039B8B11E40824574E8E7A3BE1E55F6D404E4E6,cosmos1htq7u8gy9muv4fk6st04524tdzy8rv04henm6h,3110000,,0.0002061184761193417,20611847612,,,311000
75,2020-08-04 13:36:30+00:00,6F2E952B7E9E4FB705EB01AE12A40ABC6F4056BA0A3BAED9D9D9E55023191AC5,cosmos1pmaltcu0x97x8j5klc8xluaapkzcvztcsec99f,1000000,thanks to xhipster,6.62760373374089e-05,6627603734,xhipster,cosmos1qn8sr2hzmktlecusdtxj9hwj0upnm0jfgkyqry,100000
76,2020-08-08 18:39:08+00:00,C06E0FF875D768C413E1B32BE3E2C8573353CDB43CDCF7CDF96785EC4BD4DF28,cosmos15gk8edxtvvp372flljk884fav55y8ehwq0p0ef,3104628,,0.0002057624412467651,20576244125,,,310462
77,2020-08-10 03:24:10+00:00,0B91BD5AC3BA1D65B25B8FFDA704A1F6B151E17ED9EC8EDE60B04F74563694C9,cosmos1w4548vrnvc7t9j2ly55nvkjvhwqt9thn2tc0sa,100000,,6.62760373374089e-06,662760373,,,10000
78,2020-08-10 03:28:31+00:00,7437D488EF04D86DAF336B4FE9D8CE9CEACC32FE40D41C666ACCF22396EB249A,cosmos1w4548vrnvc7t9j2ly55nvkjvhwqt9thn2tc0sa,5400000,,0.00035789060162200805,35789060162,,,540000
79,2020-08-10 03:37:00+00:00,617DEB56545DDB97C63A72EB8C278C4352362D80280CB927DB9CCE348DFCB664,cosmos1w4548vrnvc7t9j2ly55nvkjvhwqt9thn2tc0sa,14500000,,0.000961002541392429,96100254139,,,1450000
80,2020-08-10 03:40:15+00:00,0304DEAC55F2666931FD2571484414B82621DFC57D6518743521A83AE29FBAB8,cosmos1w4548vrnvc7t9j2ly55nvkjvhwqt9thn2tc0sa,2500000,,0.00016569009334352225,16569009334,,,250000
81,2020-08-10 20:40:20+00:00,4911CA7D76C706636B09511D6E7742437971946312684145651C4DD842E32392,cosmos1w4548vrnvc7t9j2ly55nvkjvhwqt9thn2tc0sa,23000000,,0.0015243488587604046,152434885876,,,2300000
82,2020-08-17 21:24:53+00:00,05024CA1B85CAC04A3B64BB56F987D801D84EF31F8705B368DFB70F2B00D396F,cosmos1lepnu7nt05g79jtmfp2pgrpys3fjc4p7krvupd,250000000,"cyber.page, using Ledger",0.016569009334352226,1656900933435,,,25000000
83,2020-09-19 23:41:54+00:00,DEA0FFC84592F8CA8A63914397533C157514ACCEDB480ADA7C72608DC61F83D3,cosmos1kf0d64nuwsf2zeul5wkx78fsznplnlps2y267f,16000000,,0.0010604165973985423,106041659740,,,1600000
84,2020-09-30 08:39:14+00:00,6981B92BEB69E9CA8074AF53AD57C257F94300C21465F7740A2DB414000F276F,cosmos1qn8sr2hzmktlecusdtxj9hwj0upnm0jfgkyqry,555000000,"cyber.page, using Ledger",0.03678320072226194,3678320072226,,,55500000
85,2020-10-01 18:06:03+00:00,2DC1FB2DC58F66CE2CBDC43812220FDB8F70D132FD78545CF2F1F08A198F9980,cosmos1zy553za8nenzukmv65240323jhuvxzymkjtfsz,100003000,thanks to mrlp4,0.006627802561852902,662780256185,mrlp4,cosmos1cg79pj70mgl8xlum0rw5yy6enk9jszsrpl6hw5,10000300
86,2020-10-04 16:44:40+00:00,77E6C12A03DD39D46402853EBE290A0A4BA5367A2D8D2D76A35004F0D6684443,cosmos1keny4peq77drtcdj6fscd9eknqcqyjmxrth54q,900000,,5.964843360366801e-05,5964843360,,,90000
87,2020-10-05 07:41:17+00:00,6C4CA361E1F44BACC7B8CBC571A4D84CB4A052FB37EBA1EC45B2B810E50399D7,cosmos1kz6s2mp4rg7plj8p4qqe2wkegn4ldw3a4efd7l,325,,2.1539712134657894e-08,2153971,,,32
88,2020-10-08 12:16:53+00:00,F17A5FC90BA45D44163E9850BB35A7D044A133F8D89C88D38E6EF16CD7CD508A,cosmos1htq7u8gy9muv4fk6st04524tdzy8rv04henm6h,8000000,,0.0005302082986992712,53020829870,,,800000
89,2020-10-14 05:54:39+00:00,A03A49B8963AC3471E67BAA73BF5FCACA7A8CDCFF05289F913D212AEABFE7BC9,cosmos1waac73cpffx7suhpkvnn8w0a8s2cgzn6e47wg6,10000000,,0.000662760373374089,66276037337,,,1000000
90,2020-10-14 07:03:47+00:00,215EA479F1C7CD6F809AA2D34D43BCB29875ED64C2B5C493B64D62BBCE59CFFA,cosmos1waac73cpffx7suhpkvnn8w0a8s2cgzn6e47wg6,29000000,,0.001922005082784858,192200508278,,,2900000
91,2020-10-15 03:19:19+00:00,B87854D9695914DD52229013763E9BBAF8BE81ABCFC803DC0499ADC34146D9EB,cosmos1waac73cpffx7suhpkvnn8w0a8s2cgzn6e47wg6,20000000,,0.001325520746748178,132552074675,,,2000000
92,2020-11-02 07:50:26+00:00,E9076B575FE183F672A3C3C7D692B854AF28C061FC2AF85651604C7C56C8D2D8,cosmos1qn8sr2hzmktlecusdtxj9hwj0upnm0jfgkyqry,500000000,,0.03313801866870445,3313801866870,,,50000000
93,2020-11-09 04:35:42+00:00,B62E211C0C6683F96B53BBD99A0419243EBEE5375FF627203BB2CB976A5C631E,cosmos1ffve0zx389ffl80ae9t8jmghcjuzdlqrh2fhh2,227000000,thanks to litvintech,0.01504466047559182,1504466047559,litvintech,cosmos12u6qgyrdsy4xmw04vfkkkh9a9tqzw66ghkr0nv,22700000
94,2020-11-09 07:59:16+00:00,39CB4B793F83146372D2086784A9164A03B0FB86975EF89BDB756C38F948967A,cosmos16jttzjgks48kqrhk5e68yv0gv6dt0rpwf6qjs5,10000000,thanks to litvintech,0.000662760373374089,66276037337,litvintech,cosmos12u6qgyrdsy4xmw04vfkkkh9a9tqzw66ghkr0nv,1000000
95,2020-11-09 09:16:57+00:00,D4D2FF321D7501666D83854FA3663630094AAE03DE8DD2134441ACFBC928FA3B,cosmos16jttzjgks48kqrhk5e68yv0gv6dt0rpwf6qjs5,190000000,thanks to litvintech,0.01259244709410769,1259244709411,litvintech,cosmos12u6qgyrdsy4xmw04vfkkkh9a9tqzw66ghkr0nv,19000000
96,2020-11-09 16:22:40+00:00,843B3BA90C968FA23F3791730AEBAB529CA8C47EDABBA4CBF1A401103B612232,cosmos133t8m00w7llsslnf05zdhehharntly8dr346wq,15000000,,0.0009941405600611334,99414056006,,,1500000
97,2020-11-10 16:23:19+00:00,D6F70D7B1DD5FC1A4B423DB4883CD9E8CCAD31E15DB58FAD1BE179B27493647E,cosmos133t8m00w7llsslnf05zdhehharntly8dr346wq,3400000,,0.00022533852694719026,22533852695,,,340000
98,2020-11-11 16:06:00+00:00,3F95D1D774318802959A61A587A635358FDDDBB535FC7967B45827B1D2BE3C42,cosmos1htq7u8gy9muv4fk6st04524tdzy8rv04henm6h,10000000,,0.000662760373374089,66276037337,,,1000000
99,2020-11-13 08:52:49+00:00,3227176F82927E29F39F2F4F580E942F3CE08F7F46B9F85816E3860CA0A18DF2,cosmos1jz57cgfr248y9w6sn76l7pugjkr6e7zheh7max,3091800,,0.00020491225223980084,20491225224,,,309180
100,2020-11-20 21:35:11+00:00,863274A91C27DBC23E15F1FCC89F8AD5C19DD13A52D73C1C18BCA00CE37BCBBB,cosmos133t8m00w7llsslnf05zdhehharntly8dr346wq,27000000,,0.0017894530081100403,178945300811,,,2700000
101,2020-11-27 18:11:50+00:00,455410E4A291F40F92C98F8364643F4F0A57DDFAB1618C54111B06B9B20DCD54,cosmos1n3mhyp9fvcmuu8l0q8qvjy07x0rql8q4ladl29,1000000,,6.62760373374089e-05,6627603734,,,100000
102,2020-11-28 19:51:01+00:00,FF8F5E2FB1EC19D782B4B3DF03F397061BBF63FC15F3E38F6183C04B32CA0956,cosmos1a30w6j4m6g3s2c6zt02z56xynnuaqmn37y64z8,1100000,,7.29036410711498e-05,7290364107,,,110000
103,2020-11-29 15:39:30+00:00,9CE854693298C9DF168B2BF30FE8C5CB3243E24918EAE44C61F3FF8AFDAB2460,cosmos1679yrs8dmska7wcsawgy2m25kwucm3z05ahdtr,6000000,thanks to fftod,0.0003976562240244534,39765622402,fftod,cosmos1s2a7rckcky6jmhncxwy0xtwf2ymg87pu4fxju9,600000
104,2020-11-30 16:31:12+00:00,9F0F2730295F1DF8E1C11A7D627C5A0DFC653FC0C1FFAD090470D609FC77CB86,cosmos1kk9clwd4eva7ww95gn4rw3xzuwfs0983nvqtsv,22999200,thanks to savetheales,0.0015242958379305348,152429583793,savetheales,cosmos14nzyt8wmx4g6zkeluelukamgsh5v4xgnmeq9y4,2299920
105,2020-12-01 09:56:01+00:00,63B0BBB6B2586E5E3E253E82E97413A0EABFA9D5EC608E5647816AA2755884B0,cosmos1e20hw2pqcgxvumkwn2qeeavcrswzskzj5s7w7g,170000000,thanks to litvintech,0.011266926347359513,1126692634736,litvintech,cosmos12u6qgyrdsy4xmw04vfkkkh9a9tqzw66ghkr0nv,17000000
106,2020-12-01 10:02:21+00:00,37AC3F7FAF2CA54038C95D99810C9711C12B2F8D62F94F48BF1BDF06B03CF1C9,cosmos1ffve0zx389ffl80ae9t8jmghcjuzdlqrh2fhh2,241000000,thanks to litvintech,0.015972524998315543,1597252499832,litvintech,cosmos12u6qgyrdsy4xmw04vfkkkh9a9tqzw66ghkr0nv,24100000
107,2020-12-01 10:26:49+00:00,7938B1A9A8468B0CEE5407A3FDEC7251B47A28A515C1500EAE9BA1E97501D558,cosmos16macu2qtc0jmqc7txvf0wkz84cycsx72ywrucl,1000000,"cyber.page, using Ledger",6.62760373374089e-05,6627603734,,,100000
108,2020-12-01 10:38:41+00:00,CE7E78B26AAB97F1D6BBE7C975A4EE9D0174E49367C2BD344A7258DB48E34AD6,cosmos16macu2qtc0jmqc7txvf0wkz84cycsx72ywrucl,500000,"cyber.page, using Ledger",3.313801866870445e-05,3313801867,,,50000
109,2020-12-01 10:50:23+00:00,E0E15F812F73B58ACEAE791EA0B6CDC00E2BDDE17724459F7AFCA7A4FAFFAE7F,cosmos16macu2qtc0jmqc7txvf0wkz84cycsx72ywrucl,500000,"cyber.page, using Ledger",3.313801866870445e-05,3313801867,,,50000
110,2020-12-01 10:55:03+00:00,EA9BD2DC0EEDAB77449BB6C636309DF181C9D996D0B836274359FF94E0E6DE63,cosmos1qn8sr2hzmktlecusdtxj9hwj0upnm0jfgkyqry,1350000000,"cyber.page, using Ledger",0.08947265040550201,8947265040550,,,135000000
111,2020-12-01 11:02:44+00:00,E00C919BD011540C1BCC32D953E05FF848F8E760DE6F002E21A8516556F49642,cosmos1qn8sr2hzmktlecusdtxj9hwj0upnm0jfgkyqry,1000000,"cyber.page, using Ledger",6.62760373374089e-05,6627603734,,,100000
112,2020-12-01 11:10:32+00:00,C1B987A1803B49280E0E8DA40C4D5AD462412A554EEDF3F2B92BEB37C303D2DA,cosmos16macu2qtc0jmqc7txvf0wkz84cycsx72ywrucl,60000000,"cyber.page, using Ledger",0.003976562240244534,397656224024,,,6000000
113,2020-12-01 15:15:09+00:00,C108C55FE43B614FDAB3E4EE70BBF3DE09F975DCF28F197918740DE2F7615FA3,cosmos1sgy27lctdrc5egpvc8f02rgzml6hmmvhhagfc3,531000000,,0.03519257582616413,3519257582616,,,53100000
114,2020-12-01 17:53:58+00:00,616C21584956DC56E2914E6198739468559E53C5B992D03D23B624134FAE3517,cosmos1u3ap2d4ytcqrr6jlsjf380g3lvgldq4mexydn0,1000000,thanks to fftod,6.62760373374089e-05,6627603734,fftod,cosmos1s2a7rckcky6jmhncxwy0xtwf2ymg87pu4fxju9,100000
115,2020-12-01 20:23:50+00:00,4DD5F260BF08A36E63B5B87304E0A26D4FD717D6572B5194787AE7F2708E8B7E,cosmos105zy26ze9gean4qukqlvhkv4mtcndc9tf4fhn9,1494850,,9.90727344138257e-05,9907273441,,,149485
